,ds,yhat,yhat_lower,yhat_upper,y,cutoff
0,2017-10-26 08:00:00,73.20473138448291,65.80799654051329,80.87087942801676,71.91,2017-10-26 07:00:00
1,2017-10-26 09:00:00,73.31970679024153,66.28603697758612,81.10715553988629,70.01,2017-10-26 07:00:00
2,2017-10-26 10:00:00,70.80899868447969,63.21650312940181,78.05975880506716,66.72,2017-10-26 07:00:00
3,2017-10-26 11:00:00,70.67204713279716,63.108662356447226,78.04505297484711,67.47,2017-10-26 07:00:00
4,2017-10-26 12:00:00,69.64645506678849,62.37378120948716,77.174602965057,64.35,2017-10-26 07:00:00
5,2017-10-26 13:00:00,67.99563875367895,60.01472635690797,75.6453749114426,63.87,2017-10-26 07:00:00
6,2017-10-26 14:00:00,66.95926281860493,59.839090045484525,73.96716602444393,65.02,2017-10-26 07:00:00
7,2017-10-26 15:00:00,67.20315099356387,59.59649233829398,74.6324587467174,68.15,2017-10-26 07:00:00
8,2017-10-26 16:00:00,71.01848204871752,63.26634313581195,78.18043789809573,76.7,2017-10-26 07:00:00
9,2017-10-26 17:00:00,74.04057988177989,66.25437477014405,81.60184562885878,78.94,2017-10-26 07:00:00
10,2017-10-26 18:00:00,75.92522877889618,68.71933824830644,83.7923848971961,78.89,2017-10-26 07:00:00
11,2017-10-26 19:00:00,74.17256076639198,66.74054612910437,82.32517363126203,77.35,2017-10-26 07:00:00
12,2017-10-26 20:00:00,69.0704188170066,62.026177210552234,76.39189603629796,72.3,2017-10-26 07:00:00
13,2017-10-26 21:00:00,65.80972276557384,58.13373999303092,73.3299436512028,67.67,2017-10-26 07:00:00
14,2017-10-26 22:00:00,60.01637053344646,52.48998019980013,67.27154202525496,65.15,2017-10-26 07:00:00
15,2017-10-26 23:00:00,57.388672775562824,49.819750843173445,64.62186456029681,59.42,2017-10-26 07:00:00
16,2017-10-27 00:00:00,56.00957267328897,48.34136352010435,63.561742489104354,56.43,2017-10-26 07:00:00
17,2017-10-27 01:00:00,55.28056778055927,47.646319802686925,62.98223312068311,55.17,2017-10-26 07:00:00
18,2017-10-27 02:00:00,55.082519990401714,47.03101851771794,62.42103666658925,54.3,2017-10-26 07:00:00
19,2017-10-27 03:00:00,55.5053070919194,48.14438507524307,63.00917211951557,54.16,2017-10-26 07:00:00
20,2017-10-27 04:00:00,59.07583465286129,50.94997845287198,66.3155192473904,58.7,2017-10-26 07:00:00
21,2017-10-27 05:00:00,68.7272484563043,61.68878508001095,76.1639061929911,69.5,2017-10-26 07:00:00
22,2017-10-27 06:00:00,71.889353879025,64.13553234827349,79.98237137275447,73.06,2017-10-26 07:00:00
23,2017-10-27 07:00:00,72.6763498406384,65.45064822451513,80.30817438268458,73.71,2017-10-26 07:00:00
24,2017-10-30 08:00:00,66.90766465894613,59.29595619451494,73.83082921499486,66.46,2017-10-30 07:00:00
25,2017-10-30 09:00:00,66.79024810890877,59.62700329694217,74.83569864354907,63.52,2017-10-30 07:00:00
26,2017-10-30 10:00:00,66.9591852741774,59.39494004051826,73.79158597070486,61.55,2017-10-30 07:00:00
27,2017-10-30 11:00:00,67.06006021762462,59.701558269122934,74.76232902194245,58.16,2017-10-30 07:00:00
28,2017-10-30 12:00:00,66.92750743224352,59.42003308498401,74.43653440745939,58.55,2017-10-30 07:00:00
29,2017-10-30 13:00:00,64.07153061016714,56.881811032110726,72.07834598539712,61.71,2017-10-30 07:00:00
30,2017-10-30 14:00:00,62.966425193932984,55.28529054945339,70.06689047702544,61.69,2017-10-30 07:00:00
31,2017-10-30 15:00:00,62.55551236632437,55.38800331421905,70.37382919786312,62.6,2017-10-30 07:00:00
32,2017-10-30 16:00:00,71.77918252434847,64.69957751129581,79.38440667607533,67.44,2017-10-30 07:00:00
33,2017-10-30 17:00:00,78.96745271406365,71.64060314624561,85.80629632391006,73.41,2017-10-30 07:00:00
34,2017-10-30 18:00:00,80.54348215296085,72.97672826188175,87.80685870611201,74.54,2017-10-30 07:00:00
35,2017-10-30 19:00:00,80.43590919359133,73.4958847897124,88.2871300645401,72.88,2017-10-30 07:00:00
36,2017-10-30 20:00:00,72.70555728990847,64.91631691440716,80.5152060878584,63.72,2017-10-30 07:00:00
37,2017-10-30 21:00:00,69.22007639292976,61.56226259070893,76.64754804459268,58.18,2017-10-30 07:00:00
38,2017-10-30 22:00:00,64.40319384308084,56.851838452308876,72.30197094032785,55.71,2017-10-30 07:00:00
39,2017-10-30 23:00:00,60.02280137011443,52.07832017475407,67.78972389612719,52.71,2017-10-30 07:00:00
40,2017-10-31 00:00:00,56.15087329607165,48.35587372881161,63.533960260496386,51.46,2017-10-30 07:00:00
41,2017-10-31 01:00:00,53.697127948069664,46.42379138142332,61.21694288259439,49.72,2017-10-30 07:00:00
42,2017-10-31 02:00:00,51.63288567091124,43.932121243087884,58.81473977960288,46.88,2017-10-30 07:00:00
43,2017-10-31 03:00:00,51.52939712389252,43.673065774839145,58.87291560960898,46.45,2017-10-30 07:00:00
44,2017-10-31 04:00:00,54.95507433515576,47.469425245916106,62.135525413966306,49.82,2017-10-30 07:00:00
45,2017-10-31 05:00:00,63.62500510744935,55.997758076733554,71.3100882346291,56.05,2017-10-30 07:00:00
46,2017-10-31 06:00:00,69.98922817909386,62.405180813376546,76.81776698553878,68.74,2017-10-30 07:00:00
47,2017-10-31 07:00:00,71.1155431169457,63.61099523934618,79.05193197301718,72.19,2017-10-30 07:00:00
48,2017-11-03 08:00:00,66.63355188514768,58.911341364236634,73.73729612481941,72.65,2017-11-03 07:00:00
49,2017-11-03 09:00:00,65.43221205412996,57.21712037062499,72.64151613326652,69.96,2017-11-03 07:00:00
50,2017-11-03 10:00:00,63.690262318567584,55.58180663190552,71.27477952961361,68.2,2017-11-03 07:00:00
51,2017-11-03 11:00:00,63.086296140755245,55.427582194825554,70.78296246477703,67.32,2017-11-03 07:00:00
52,2017-11-03 12:00:00,62.003891470595796,53.67915447155419,69.22062011667278,65.47,2017-11-03 07:00:00
53,2017-11-03 13:00:00,60.676529335933566,52.80664705803272,67.86943165722813,64.37,2017-11-03 07:00:00
54,2017-11-03 14:00:00,60.01599600264146,52.599521078828886,67.7469942758855,62.86,2017-11-03 07:00:00
55,2017-11-03 15:00:00,61.15409706777227,53.959207589835614,68.77327144668503,67.24,2017-11-03 07:00:00
56,2017-11-03 16:00:00,65.0968219266192,56.982015824923536,72.25936164213392,73.45,2017-11-03 07:00:00
57,2017-11-03 17:00:00,72.42265289610778,65.01655467812334,80.27531334413189,75.27,2017-11-03 07:00:00
58,2017-11-03 18:00:00,72.68850782907934,64.23944177006939,80.08528673826694,77.17,2017-11-03 07:00:00
59,2017-11-03 19:00:00,69.96563430207047,62.65832279338608,77.27022057873239,72.93,2017-11-03 07:00:00
60,2017-11-03 20:00:00,63.35353323717367,55.942950349110944,70.56780854744815,68.05,2017-11-03 07:00:00
61,2017-11-03 21:00:00,58.4159931700723,50.45769589305057,65.79071401336206,66.73,2017-11-03 07:00:00
62,2017-11-03 22:00:00,56.965625730230954,49.30147873550912,64.11602752228929,62.8,2017-11-03 07:00:00
63,2017-11-03 23:00:00,53.90946518518264,46.31790686580675,61.179730824857195,65.0,2017-11-03 07:00:00
64,2017-11-04 00:00:00,51.14727531201383,43.17667194780658,59.45775073567313,60.08,2017-11-03 07:00:00
65,2017-11-04 01:00:00,49.15153186205499,41.60172162713023,57.14074758185583,55.7,2017-11-03 07:00:00
66,2017-11-04 02:00:00,48.29797159545005,40.70570149155019,55.74189225148102,55.22,2017-11-03 07:00:00
67,2017-11-04 03:00:00,48.19899036760331,40.97572212341728,55.62540900430753,54.98,2017-11-03 07:00:00
68,2017-11-04 04:00:00,49.46431461258445,41.3563341536717,57.32434420559555,54.85,2017-11-03 07:00:00
69,2017-11-04 05:00:00,55.04948249468467,47.41307058352255,62.52793746205609,55.19,2017-11-03 07:00:00
70,2017-11-04 06:00:00,58.65493031859073,50.98766267628993,65.79550893387845,60.1,2017-11-03 07:00:00
71,2017-11-04 07:00:00,62.42806206892107,54.35453784948425,69.97613957455907,64.24,2017-11-03 07:00:00
72,2017-11-07 08:00:00,67.28372858436374,59.51395640954667,74.6806155425903,69.78,2017-11-07 07:00:00
73,2017-11-07 09:00:00,65.85907576517579,58.272281239588594,73.60525879493107,69.07,2017-11-07 07:00:00
74,2017-11-07 10:00:00,64.08358083052703,56.24861436085128,71.33397598315739,68.21,2017-11-07 07:00:00
75,2017-11-07 11:00:00,63.85084095948144,56.314443950258585,71.66201049472745,68.8,2017-11-07 07:00:00
76,2017-11-07 12:00:00,63.40090402275583,55.16288771103173,71.06303407155119,67.89,2017-11-07 07:00:00
77,2017-11-07 13:00:00,62.527323891422775,54.67960506645127,69.84748379821598,67.31,2017-11-07 07:00:00
78,2017-11-07 14:00:00,61.540153456766404,54.285371818538614,69.19034730536873,66.4,2017-11-07 07:00:00
79,2017-11-07 15:00:00,62.57495131904667,54.71130311396068,70.4567095981836,64.45,2017-11-07 07:00:00
80,2017-11-07 16:00:00,66.45796347722747,59.119511519759136,73.74854325518754,66.19,2017-11-07 07:00:00
81,2017-11-07 17:00:00,69.46233993559585,61.718973914182044,76.84316557376899,70.21,2017-11-07 07:00:00
82,2017-11-07 18:00:00,71.58367775398993,63.419950878633934,79.10217762251573,71.73,2017-11-07 07:00:00
83,2017-11-07 19:00:00,70.77353997961495,62.848804376652254,78.57522404627255,70.58,2017-11-07 07:00:00
84,2017-11-07 20:00:00,66.71484676758335,59.213770051735644,74.29346965610685,67.61,2017-11-07 07:00:00
85,2017-11-07 21:00:00,62.14044270936857,54.98686075903192,69.91958968219686,66.72,2017-11-07 07:00:00
86,2017-11-07 22:00:00,58.97559894547901,51.418824999442336,66.44611290950685,63.21,2017-11-07 07:00:00
87,2017-11-07 23:00:00,55.39695928660883,47.000192623360576,63.116817479350296,59.46,2017-11-07 07:00:00
88,2017-11-08 00:00:00,53.20056156133915,45.89387060709106,60.6136099813875,55.61,2017-11-07 07:00:00
89,2017-11-08 01:00:00,50.69573207495572,43.09570547396478,58.338448753263975,53.13,2017-11-07 07:00:00
90,2017-11-08 02:00:00,49.07473458713547,41.663522570008304,56.54985825300367,52.74,2017-11-07 07:00:00
91,2017-11-08 03:00:00,48.997645569721385,41.11566003119245,56.73274506665725,52.6,2017-11-07 07:00:00
92,2017-11-08 04:00:00,52.568130514120334,45.06329199735141,59.952607096347,54.1,2017-11-07 07:00:00
93,2017-11-08 05:00:00,60.177611870839755,52.57142464206087,67.50126191074604,59.63,2017-11-07 07:00:00
94,2017-11-08 06:00:00,62.742122264791774,55.32060994074184,70.13261726742269,64.61,2017-11-07 07:00:00
95,2017-11-08 07:00:00,64.67724872450736,57.01757695364579,71.82885801421496,66.43,2017-11-07 07:00:00
96,2017-11-11 08:00:00,64.25759603052765,56.84311071205696,72.05583904771184,62.65,2017-11-11 07:00:00
97,2017-11-11 09:00:00,63.4740679924961,55.81975526806226,71.34173889108908,63.04,2017-11-11 07:00:00
98,2017-11-11 10:00:00,62.21343093009715,54.62433442894079,69.71661917431638,63.36,2017-11-11 07:00:00
99,2017-11-11 11:00:00,62.112513359249675,54.672586019428515,69.61236561582139,62.74,2017-11-11 07:00:00
100,2017-11-11 12:00:00,60.37608305882376,53.118836736912286,68.65235275258193,62.54,2017-11-11 07:00:00
101,2017-11-11 13:00:00,56.944676717281624,48.88628458364735,64.1159682521217,60.5,2017-11-11 07:00:00
102,2017-11-11 14:00:00,53.37961789164697,45.719235659823006,60.45599570695731,56.25,2017-11-11 07:00:00
103,2017-11-11 15:00:00,53.32351705941057,45.18579350141661,60.59949721843529,55.85,2017-11-11 07:00:00
104,2017-11-11 16:00:00,56.594431570767846,48.47793316141977,64.08537072302015,66.85,2017-11-11 07:00:00
105,2017-11-11 17:00:00,63.8487647142339,56.254735783857775,71.83368034610976,72.9,2017-11-11 07:00:00
106,2017-11-11 18:00:00,65.56574520550109,57.443399663154715,72.80836398356881,74.28,2017-11-11 07:00:00
107,2017-11-11 19:00:00,64.78609021065627,57.17780645631633,72.06362021648634,71.47,2017-11-11 07:00:00
108,2017-11-11 20:00:00,61.28600556480349,53.5794950956401,68.91049164083186,69.17,2017-11-11 07:00:00
109,2017-11-11 21:00:00,56.96537696680274,49.01395973354451,64.97107737670324,66.88,2017-11-11 07:00:00
110,2017-11-11 22:00:00,55.11191730663141,47.65631954287864,63.01263364604088,65.06,2017-11-11 07:00:00
111,2017-11-11 23:00:00,53.3088830026165,45.166533446648735,60.63537151618124,65.65,2017-11-11 07:00:00
112,2017-11-12 00:00:00,50.11359577725433,42.472982803052815,57.78730722840863,57.92,2017-11-11 07:00:00
113,2017-11-12 01:00:00,48.15070611645004,40.81017937695264,55.28199971143736,54.63,2017-11-11 07:00:00
114,2017-11-12 02:00:00,44.92026074506573,37.61928227746927,52.641285660035585,52.56,2017-11-11 07:00:00
115,2017-11-12 03:00:00,43.37920172015079,35.546881223930114,50.782165384385806,51.8,2017-11-11 07:00:00
116,2017-11-12 04:00:00,43.9162836651946,36.47300577369787,50.98732611961558,51.53,2017-11-11 07:00:00
117,2017-11-12 05:00:00,45.5655427069036,37.79598998186412,52.947808545851906,51.38,2017-11-11 07:00:00
118,2017-11-12 06:00:00,48.16185233289414,40.78665749909191,55.958579239607474,52.12,2017-11-11 07:00:00
119,2017-11-12 07:00:00,50.482039045650716,42.90173130509111,57.964439075761355,55.9,2017-11-11 07:00:00
120,2017-11-15 08:00:00,67.22152342698854,59.77030002984448,74.82246105599599,75.2,2017-11-15 07:00:00
121,2017-11-15 09:00:00,65.76606163932833,58.034583818655825,72.75531692393814,74.21,2017-11-15 07:00:00
122,2017-11-15 10:00:00,65.23315506324373,57.73344803754443,72.80624126610012,74.12,2017-11-15 07:00:00
123,2017-11-15 11:00:00,64.220361314195,56.59449144836799,71.47627452579712,73.76,2017-11-15 07:00:00
124,2017-11-15 12:00:00,65.39809774458523,57.6888973551318,73.08592020621023,74.26,2017-11-15 07:00:00
125,2017-11-15 13:00:00,64.64151915997826,57.54219440145643,72.60972262684595,73.82,2017-11-15 07:00:00
126,2017-11-15 14:00:00,64.71184088438383,57.319781999500734,72.41731870345835,73.97,2017-11-15 07:00:00
127,2017-11-15 15:00:00,65.6805314906659,58.111902524389144,73.35520897528673,74.2,2017-11-15 07:00:00
128,2017-11-15 16:00:00,67.67175386372918,60.35788390673182,75.31335281867102,78.35,2017-11-15 07:00:00
129,2017-11-15 17:00:00,71.75807102038809,63.6309652421383,79.07892773955649,81.6,2017-11-15 07:00:00
130,2017-11-15 18:00:00,71.62979248535473,63.87838655189847,79.10276096836996,83.39,2017-11-15 07:00:00
131,2017-11-15 19:00:00,72.75504646217536,65.28287695329868,80.32466390768775,83.69,2017-11-15 07:00:00
132,2017-11-15 20:00:00,70.82429667144902,63.150501754087,78.09207206935108,79.05,2017-11-15 07:00:00
133,2017-11-15 21:00:00,66.60395007648614,59.16307182529733,73.94276061355698,73.65,2017-11-15 07:00:00
134,2017-11-15 22:00:00,63.79092024489594,56.22572690207514,71.03431733695055,71.99,2017-11-15 07:00:00
135,2017-11-15 23:00:00,59.98523009002477,51.92909003800535,67.02957473494935,73.19,2017-11-15 07:00:00
136,2017-11-16 00:00:00,56.81360676933922,48.92244555274984,64.38445869967236,63.18,2017-11-15 07:00:00
137,2017-11-16 01:00:00,55.39765657115489,48.17880919979024,63.30234927368321,60.33,2017-11-15 07:00:00
138,2017-11-16 02:00:00,53.56137167256025,46.160582723422635,60.80386101003629,57.44,2017-11-15 07:00:00
139,2017-11-16 03:00:00,53.437798873254934,45.838142813176376,61.3821111607964,57.5,2017-11-15 07:00:00
140,2017-11-16 04:00:00,57.037098183477035,49.93099595264111,64.30921662240029,62.24,2017-11-15 07:00:00
141,2017-11-16 05:00:00,64.86544619353809,56.91950375128731,72.20113156693304,73.03,2017-11-15 07:00:00
142,2017-11-16 06:00:00,69.39395895579182,61.446307225232935,77.13768898752684,74.67,2017-11-15 07:00:00
143,2017-11-16 07:00:00,71.19986276587787,63.789746657714005,78.87275238478723,77.56,2017-11-15 07:00:00
144,2017-11-19 08:00:00,60.35687291599989,52.653025923747705,68.2863665990721,59.13,2017-11-19 07:00:00
145,2017-11-19 09:00:00,60.86693034906166,53.12703145583912,68.18366266283702,61.02,2017-11-19 07:00:00
146,2017-11-19 10:00:00,60.83919479883513,53.44753542269055,68.87519707166277,60.46,2017-11-19 07:00:00
147,2017-11-19 11:00:00,60.77022528544571,53.080394998700726,68.34876670345307,62.41,2017-11-19 07:00:00
148,2017-11-19 12:00:00,60.519387001938995,52.80728903122986,68.90643361553445,63.5,2017-11-19 07:00:00
149,2017-11-19 13:00:00,58.54157632412531,50.63909850626152,66.1627606709719,62.09,2017-11-19 07:00:00
150,2017-11-19 14:00:00,57.77710142713378,50.258972695696244,65.1746766460825,59.84,2017-11-19 07:00:00
151,2017-11-19 15:00:00,58.70568196422706,51.06658668642271,66.75242242482673,62.05,2017-11-19 07:00:00
152,2017-11-19 16:00:00,65.43546340260185,57.51050546686649,73.61207899450652,71.49,2017-11-19 07:00:00
153,2017-11-19 17:00:00,73.63681626041163,65.38267760709262,81.00059772048213,80.69,2017-11-19 07:00:00
154,2017-11-19 18:00:00,75.88434158545539,68.07973850008976,83.27800130318808,81.36,2017-11-19 07:00:00
155,2017-11-19 19:00:00,73.87532734592853,65.76822694361003,81.65134985952552,80.85,2017-11-19 07:00:00
156,2017-11-19 20:00:00,71.08905972226627,63.357965229199365,78.52221684143396,77.7,2017-11-19 07:00:00
157,2017-11-19 21:00:00,68.57254447575929,61.319083111687476,76.25727010885677,75.25,2017-11-19 07:00:00
158,2017-11-19 22:00:00,64.84962289991239,57.47784293728339,72.05574071615389,75.03,2017-11-19 07:00:00
159,2017-11-19 23:00:00,60.776128370244024,53.35604856945023,68.3306143504314,74.73,2017-11-19 07:00:00
160,2017-11-20 00:00:00,58.50464950060005,51.18393277131012,66.1261045036823,65.46,2017-11-19 07:00:00
161,2017-11-20 01:00:00,55.558617283478156,48.39256450317048,63.51903921092081,61.9,2017-11-19 07:00:00
162,2017-11-20 02:00:00,54.337790558963256,46.75937603573582,61.86455408487904,58.11,2017-11-19 07:00:00
163,2017-11-20 03:00:00,54.73583226699051,47.55437685187564,62.447553172183795,58.05,2017-11-19 07:00:00
164,2017-11-20 04:00:00,58.254592940278656,50.01317530961891,66.21226026587443,60.04,2017-11-19 07:00:00
165,2017-11-20 05:00:00,62.87645841199704,54.85033043715671,70.08153899429773,75.97,2017-11-19 07:00:00
166,2017-11-20 06:00:00,67.04733018604936,59.43922547578109,74.84238635527487,82.58,2017-11-19 07:00:00
167,2017-11-20 07:00:00,68.95070195607187,60.77684677941395,76.53926571550669,80.78,2017-11-19 07:00:00
168,2017-11-23 08:00:00,76.48334159089153,69.04446354451508,84.25643778842336,65.56,2017-11-23 07:00:00
169,2017-11-23 09:00:00,75.03786004101053,67.462314975023,82.32610073627171,65.3,2017-11-23 07:00:00
170,2017-11-23 10:00:00,73.4911637598062,65.38694134651837,80.83650453021964,65.57,2017-11-23 07:00:00
171,2017-11-23 11:00:00,72.14725604130663,64.38934104060618,80.03781657902445,65.31,2017-11-23 07:00:00
172,2017-11-23 12:00:00,70.4804647252389,63.1319013560589,77.84665403983404,65.25,2017-11-23 07:00:00
173,2017-11-23 13:00:00,67.1665744148061,59.231436766353006,74.67002044300087,62.15,2017-11-23 07:00:00
174,2017-11-23 14:00:00,66.11811663826373,58.511391766671224,74.31814466390138,62.05,2017-11-23 07:00:00
175,2017-11-23 15:00:00,66.29621772377148,58.44604968318516,73.77046720782872,65.67,2017-11-23 07:00:00
176,2017-11-23 16:00:00,72.15747261370042,64.44874672486678,79.40966489954971,77.55,2017-11-23 07:00:00
177,2017-11-23 17:00:00,76.9498801576883,69.37193677571577,85.1318989549299,83.92,2017-11-23 07:00:00
178,2017-11-23 18:00:00,77.43354206774535,70.06472236594348,85.49846800918323,84.61,2017-11-23 07:00:00
179,2017-11-23 19:00:00,75.31382047281365,68.04997683366283,82.81438647495717,81.87,2017-11-23 07:00:00
180,2017-11-23 20:00:00,70.27225779855121,62.644862025361704,77.204777091119,75.3,2017-11-23 07:00:00
181,2017-11-23 21:00:00,66.59185721275406,58.53612582266201,73.91583294229218,69.25,2017-11-23 07:00:00
182,2017-11-23 22:00:00,63.254312083567115,55.76064124771636,70.61734459499093,64.01,2017-11-23 07:00:00
183,2017-11-23 23:00:00,60.330232498457505,52.309658322618326,68.21100790042878,58.32,2017-11-23 07:00:00
184,2017-11-24 00:00:00,57.19446823171633,49.247334056177856,64.77058513651244,55.72,2017-11-23 07:00:00
185,2017-11-24 01:00:00,54.88166010884302,47.49771101031446,62.36641394385674,54.33,2017-11-23 07:00:00
186,2017-11-24 02:00:00,52.75313963845616,44.74279665686858,59.610109480716865,53.93,2017-11-23 07:00:00
187,2017-11-24 03:00:00,53.53579895031129,45.679373699246334,61.02948135054284,53.79,2017-11-23 07:00:00
188,2017-11-24 04:00:00,56.293720339410186,48.2374254227344,64.49286777931701,54.62,2017-11-23 07:00:00
189,2017-11-24 05:00:00,61.4849300569067,53.88597746307311,69.21698369323516,58.51,2017-11-23 07:00:00
190,2017-11-24 06:00:00,67.86462829844501,60.34316389727414,75.67362035755652,66.91,2017-11-23 07:00:00
191,2017-11-24 07:00:00,72.62366503601359,65.23364948274664,79.89726811573709,70.55,2017-11-23 07:00:00
192,2017-11-27 08:00:00,71.18646034806747,63.3937448229274,79.26865431003506,78.28,2017-11-27 07:00:00
193,2017-11-27 09:00:00,70.78781464596119,62.90586820972377,77.88240758556145,76.5,2017-11-27 07:00:00
194,2017-11-27 10:00:00,70.42081502773787,62.76645500970218,78.12482923264247,75.4,2017-11-27 07:00:00
195,2017-11-27 11:00:00,71.2307076245826,63.7568124904198,78.43179076422659,75.16,2017-11-27 07:00:00
196,2017-11-27 12:00:00,70.20945542796098,62.4997153378905,77.73815349291277,74.16,2017-11-27 07:00:00
197,2017-11-27 13:00:00,69.87209972580871,62.345095178969395,77.40479737643673,74.15,2017-11-27 07:00:00
198,2017-11-27 14:00:00,68.01198858348887,60.57055329721801,75.39205342382836,75.46,2017-11-27 07:00:00
199,2017-11-27 15:00:00,68.31567648664989,60.6463643293408,75.70294359929318,75.72,2017-11-27 07:00:00
200,2017-11-27 16:00:00,74.70436425049671,66.81930143219311,82.06517923463072,78.81,2017-11-27 07:00:00
201,2017-11-27 17:00:00,81.7532186557767,73.88113770898845,89.92796814359004,85.81,2017-11-27 07:00:00
202,2017-11-27 18:00:00,83.08974057194129,75.49844079461288,90.99146711420669,83.99,2017-11-27 07:00:00
203,2017-11-27 19:00:00,82.62558853290986,74.33644488064067,90.1375517409408,83.92,2017-11-27 07:00:00
204,2017-11-27 20:00:00,80.64327557731188,72.63458945690768,88.24161313805902,82.6,2017-11-27 07:00:00
205,2017-11-27 21:00:00,75.77917710074043,68.1912639121886,83.2187743101323,76.09,2017-11-27 07:00:00
206,2017-11-27 22:00:00,72.63343462602013,65.51416494600075,80.42898343669079,73.97,2017-11-27 07:00:00
207,2017-11-27 23:00:00,65.85598125486835,58.27755497935625,73.27629888063827,76.04,2017-11-27 07:00:00
208,2017-11-28 00:00:00,61.87880220243857,54.11448356354141,69.0855993077906,71.44,2017-11-27 07:00:00
209,2017-11-28 01:00:00,59.41760692061864,51.8885616272518,67.30813212599449,61.31,2017-11-27 07:00:00
210,2017-11-28 02:00:00,58.17601858792971,50.52807791595408,65.51836433150145,59.74,2017-11-27 07:00:00
211,2017-11-28 03:00:00,57.84752623401986,50.024437575196536,65.64533117380213,57.75,2017-11-27 07:00:00
212,2017-11-28 04:00:00,60.38799466049854,52.71117555332029,67.74511703493532,57.39,2017-11-27 07:00:00
213,2017-11-28 05:00:00,68.81579074235196,61.196942871969064,76.06410590146855,69.51,2017-11-27 07:00:00
214,2017-11-28 06:00:00,75.44000059140168,67.87043414199266,83.15714385036253,78.24,2017-11-27 07:00:00
215,2017-11-28 07:00:00,78.5738030373007,71.21069980967678,86.1143723132902,81.62,2017-11-27 07:00:00
216,2017-12-01 08:00:00,81.69114132580071,74.13876745439022,89.4778704849963,80.77,2017-12-01 07:00:00
217,2017-12-01 09:00:00,81.37868500708373,73.90716395508244,88.92629486747673,79.5,2017-12-01 07:00:00
218,2017-12-01 10:00:00,80.3773133225714,73.21874674958352,88.57508002675775,78.14,2017-12-01 07:00:00
219,2017-12-01 11:00:00,80.28826866096037,72.81394508727693,88.53114861551526,74.48,2017-12-01 07:00:00
220,2017-12-01 12:00:00,79.84571498727196,71.83514933953693,87.39560410109408,69.34,2017-12-01 07:00:00
221,2017-12-01 13:00:00,77.95869577162415,70.2863646181834,85.16385446564058,64.09,2017-12-01 07:00:00
222,2017-12-01 14:00:00,76.38263592424687,68.46793327186123,83.89403528724085,63.93,2017-12-01 07:00:00
223,2017-12-01 15:00:00,77.58981168080946,69.24837601031926,85.32051848097832,65.68,2017-12-01 07:00:00
224,2017-12-01 16:00:00,81.15277938833128,73.65653755429999,88.57367094736811,76.72,2017-12-01 07:00:00
225,2017-12-01 17:00:00,84.81356647653,77.1069298374435,92.29020204768887,84.6,2017-12-01 07:00:00
226,2017-12-01 18:00:00,85.00228136812599,77.93995565591787,92.21869420683223,86.11,2017-12-01 07:00:00
227,2017-12-01 19:00:00,83.50999203801368,75.74261148833101,90.91056187171684,86.06,2017-12-01 07:00:00
228,2017-12-01 20:00:00,78.82047663097596,70.75956848713666,86.23832974410368,79.5,2017-12-01 07:00:00
229,2017-12-01 21:00:00,75.41655686817876,68.37782061960944,83.37698269656786,77.67,2017-12-01 07:00:00
230,2017-12-01 22:00:00,72.96249654020093,65.31498572373509,80.86607421262458,76.38,2017-12-01 07:00:00
231,2017-12-01 23:00:00,71.32692869983728,63.336212709605306,78.55651230651424,68.61,2017-12-01 07:00:00
232,2017-12-02 00:00:00,64.59757629304717,57.294708012372176,72.1223505896376,63.69,2017-12-01 07:00:00
233,2017-12-02 01:00:00,62.20834047482041,54.54608206269969,69.2842573739748,60.73,2017-12-01 07:00:00
234,2017-12-02 02:00:00,58.41233757602493,51.34789250077239,65.65025127352357,59.37,2017-12-01 07:00:00
235,2017-12-02 03:00:00,57.77799987947345,49.701227954786745,65.44150648609629,57.54,2017-12-01 07:00:00
236,2017-12-02 04:00:00,59.228305555490614,51.67252490165205,66.56042602900501,57.35,2017-12-01 07:00:00
237,2017-12-02 05:00:00,60.72502234502822,53.061175574112255,68.59338836619827,58.75,2017-12-01 07:00:00
238,2017-12-02 06:00:00,69.2721169974468,61.68835485683129,76.94318041151594,60.47,2017-12-01 07:00:00
239,2017-12-02 07:00:00,72.38989970889537,65.45544327440226,80.5885219226748,67.74,2017-12-01 07:00:00
240,2017-12-05 08:00:00,84.2853396173548,76.22835438429195,92.14602673789928,86.14,2017-12-05 07:00:00
241,2017-12-05 09:00:00,84.51691002512229,77.49983274018716,92.40489529322815,87.29,2017-12-05 07:00:00
242,2017-12-05 10:00:00,83.55756685811005,76.21448147525831,91.20719135768833,86.81,2017-12-05 07:00:00
243,2017-12-05 11:00:00,82.98845137469367,75.37050783167693,90.90003893204764,85.96,2017-12-05 07:00:00
244,2017-12-05 12:00:00,81.3737888511826,73.60797753066507,88.86972643536471,84.52,2017-12-05 07:00:00
245,2017-12-05 13:00:00,80.04568059856427,72.87673987440489,87.72242379030875,84.86,2017-12-05 07:00:00
246,2017-12-05 14:00:00,79.55729268675721,72.21953057454557,86.97370255892818,83.6,2017-12-05 07:00:00
247,2017-12-05 15:00:00,79.75641153347485,71.9138222846571,87.49196304913924,84.28,2017-12-05 07:00:00
248,2017-12-05 16:00:00,82.70710763018766,75.30318073107559,90.83986019542643,91.93,2017-12-05 07:00:00
249,2017-12-05 17:00:00,86.72237171659243,79.33008586425453,94.76213221702874,99.0,2017-12-05 07:00:00
250,2017-12-05 18:00:00,87.47464604416331,79.87106537913851,95.16510755012581,99.95,2017-12-05 07:00:00
251,2017-12-05 19:00:00,86.2782565056387,79.09951202231898,93.7366742627746,99.63,2017-12-05 07:00:00
252,2017-12-05 20:00:00,81.96681729738174,74.99753240801058,89.54401785599987,93.73,2017-12-05 07:00:00
253,2017-12-05 21:00:00,78.22610837161736,70.20178923269657,85.7213888524541,85.86,2017-12-05 07:00:00
254,2017-12-05 22:00:00,74.24191566684327,66.56497150726854,81.11867407452962,82.54,2017-12-05 07:00:00
255,2017-12-05 23:00:00,73.41626395845256,65.59714347159651,81.35277309702518,85.19,2017-12-05 07:00:00
256,2017-12-06 00:00:00,69.20370781608118,61.86142573225191,76.33912368408214,82.15,2017-12-05 07:00:00
257,2017-12-06 01:00:00,65.45500743968769,57.85461015193944,73.24007254030201,78.26,2017-12-05 07:00:00
258,2017-12-06 02:00:00,63.64520028435957,56.090832148921876,71.81051833530012,76.64,2017-12-05 07:00:00
259,2017-12-06 03:00:00,63.551741536290734,55.95794574432799,71.70888949462318,76.49,2017-12-05 07:00:00
260,2017-12-06 04:00:00,65.6491887320235,58.12885707179575,73.82112916000952,79.23,2017-12-05 07:00:00
261,2017-12-06 05:00:00,73.99569681514795,66.75421999787719,81.71218341675521,80.32,2017-12-05 07:00:00
262,2017-12-06 06:00:00,79.63586457527784,72.42227445265613,86.8118898601423,75.28,2017-12-05 07:00:00
263,2017-12-06 07:00:00,83.17527317482724,76.09669619072389,91.05832578573788,75.92,2017-12-05 07:00:00
264,2017-12-09 08:00:00,73.65861199763201,66.05261737539436,81.10561088023569,82.04,2017-12-09 07:00:00
265,2017-12-09 09:00:00,74.1039867591737,66.7234668061668,80.91185224121347,82.64,2017-12-09 07:00:00
266,2017-12-09 10:00:00,73.24556037045917,65.56839816555132,80.68329188026779,79.82,2017-12-09 07:00:00
267,2017-12-09 11:00:00,73.31207350307254,65.88114808399872,81.30124449408467,79.1,2017-12-09 07:00:00
268,2017-12-09 12:00:00,69.83236507398098,62.21696758968034,77.63668554348268,77.48,2017-12-09 07:00:00
269,2017-12-09 13:00:00,66.56233753578344,58.587812752788345,74.47134079624428,74.52,2017-12-09 07:00:00
270,2017-12-09 14:00:00,64.4584966379982,57.20679303808017,72.23639427954558,71.39,2017-12-09 07:00:00
271,2017-12-09 15:00:00,65.99824241816864,58.21892393272718,72.81391576288289,74.04,2017-12-09 07:00:00
272,2017-12-09 16:00:00,71.96513024448626,64.04626528919992,79.502075695635,79.68,2017-12-09 07:00:00
273,2017-12-09 17:00:00,79.59480456969891,71.90039653939574,86.88956763076675,91.28,2017-12-09 07:00:00
274,2017-12-09 18:00:00,80.9824688923837,73.96818455919876,88.70887551334464,91.56,2017-12-09 07:00:00
275,2017-12-09 19:00:00,80.46170428269123,72.51499627411117,88.30804902839306,84.56,2017-12-09 07:00:00
276,2017-12-09 20:00:00,78.48945970332952,70.57581269724754,85.75461464392522,77.95,2017-12-09 07:00:00
277,2017-12-09 21:00:00,73.69779770083858,65.74274885877695,81.05799817539398,74.93,2017-12-09 07:00:00
278,2017-12-09 22:00:00,69.1526630252609,61.6086400826237,77.22072170248394,70.51,2017-12-09 07:00:00
279,2017-12-09 23:00:00,67.23168888631959,59.52730605339533,74.50025227926929,60.57,2017-12-09 07:00:00
280,2017-12-10 00:00:00,62.02662174702232,54.33162957327555,69.25242910332746,59.89,2017-12-09 07:00:00
281,2017-12-10 01:00:00,59.459371240480294,52.48160803141313,66.69601152336904,57.97,2017-12-09 07:00:00
282,2017-12-10 02:00:00,57.83261682045514,50.73763687400826,65.62637853072705,54.68,2017-12-09 07:00:00
283,2017-12-10 03:00:00,57.18750917468595,49.157521365126115,64.50776748600948,46.34,2017-12-09 07:00:00
284,2017-12-10 04:00:00,58.10235678165216,50.693723203220316,65.8153111559463,44.28,2017-12-09 07:00:00
285,2017-12-10 05:00:00,61.01577723020007,53.23631942449761,68.91396597056973,34.2,2017-12-09 07:00:00
286,2017-12-10 06:00:00,64.9499375030899,57.02108721947135,72.28319004734496,37.04,2017-12-09 07:00:00
287,2017-12-10 07:00:00,68.99277026110258,61.78175333918559,76.89612328929647,39.83,2017-12-09 07:00:00
288,2017-12-13 08:00:00,81.28386843802775,73.7988151066283,89.1361427700788,84.11,2017-12-13 07:00:00
289,2017-12-13 09:00:00,81.61434623078686,74.03408911361424,88.91997018608124,84.98,2017-12-13 07:00:00
290,2017-12-13 10:00:00,80.958238199793,73.48641575033062,87.84662987466474,84.67,2017-12-13 07:00:00
291,2017-12-13 11:00:00,80.07059022985742,72.7986380399159,87.13053747169218,83.9,2017-12-13 07:00:00
292,2017-12-13 12:00:00,79.18048990656374,71.03435269687799,87.0780958317802,82.36,2017-12-13 07:00:00
293,2017-12-13 13:00:00,77.61122755035804,70.04621212977491,85.15470500331973,79.5,2017-12-13 07:00:00
294,2017-12-13 14:00:00,76.14524798875239,68.42397679244063,83.7845783527134,78.36,2017-12-13 07:00:00
295,2017-12-13 15:00:00,76.53851696084232,68.91949390026737,84.70394736216598,78.13,2017-12-13 07:00:00
296,2017-12-13 16:00:00,81.21257943906053,73.92742113398535,88.34942485317262,81.94,2017-12-13 07:00:00
297,2017-12-13 17:00:00,88.2893269556675,81.10023955426465,95.56643539145279,86.47,2017-12-13 07:00:00
298,2017-12-13 18:00:00,89.77138861155886,82.19272852583968,97.2776672048275,86.58,2017-12-13 07:00:00
299,2017-12-13 19:00:00,85.48169056827501,78.20637618367,92.88563588422133,84.72,2017-12-13 07:00:00
300,2017-12-13 20:00:00,81.3699213004764,74.01160667859503,88.83271772726951,78.68,2017-12-13 07:00:00
301,2017-12-13 21:00:00,76.44213570700123,68.56486337921618,84.31575994973396,76.54,2017-12-13 07:00:00
302,2017-12-13 22:00:00,74.2338978569429,66.86632089637433,82.2977517226736,66.83,2017-12-13 07:00:00
303,2017-12-13 23:00:00,72.79660767833707,65.1946117503324,80.15327128792669,59.11,2017-12-13 07:00:00
304,2017-12-14 00:00:00,66.45900665889627,58.32451452342632,73.99577382483791,52.22,2017-12-13 07:00:00
305,2017-12-14 01:00:00,61.725506335765346,53.79568443569398,68.66092140126145,49.49,2017-12-13 07:00:00
306,2017-12-14 02:00:00,59.825239903880174,52.27488518030146,67.49984638654705,49.54,2017-12-13 07:00:00
307,2017-12-14 03:00:00,59.83565854062791,52.514188917596734,67.2487722911132,50.05,2017-12-13 07:00:00
308,2017-12-14 04:00:00,61.72510234199456,54.466830321138815,69.3343406152163,52.44,2017-12-13 07:00:00
309,2017-12-14 05:00:00,66.35279889265834,58.245594578604546,73.66093965590835,58.43,2017-12-13 07:00:00
310,2017-12-14 06:00:00,76.76673487384184,69.27095046723497,84.25337039462114,66.12,2017-12-13 07:00:00
311,2017-12-14 07:00:00,81.90622997731273,74.77220843669956,89.73467184180139,73.44,2017-12-13 07:00:00
312,2017-12-17 08:00:00,60.48151480085982,52.29713775789521,68.00413688321206,59.38,2017-12-17 07:00:00
313,2017-12-17 09:00:00,62.91352760910802,55.305073698886375,70.29280238180584,61.57,2017-12-17 07:00:00
314,2017-12-17 10:00:00,62.393159264459,54.20921720618223,69.69352514333937,60.85,2017-12-17 07:00:00
315,2017-12-17 11:00:00,62.184293656324414,54.016301849853775,69.53405580607283,60.57,2017-12-17 07:00:00
316,2017-12-17 12:00:00,59.975317525908196,52.23067733063868,67.17229362777879,61.68,2017-12-17 07:00:00
317,2017-12-17 13:00:00,59.080077065636075,51.74557765785243,66.96615884135595,59.25,2017-12-17 07:00:00
318,2017-12-17 14:00:00,58.381774347277194,50.801648124880614,65.43004915401778,56.7,2017-12-17 07:00:00
319,2017-12-17 15:00:00,59.08464916538216,50.88232707614225,66.94228799543484,57.8,2017-12-17 07:00:00
320,2017-12-17 16:00:00,67.0813529080903,59.6250673656963,74.7590508445088,68.25,2017-12-17 07:00:00
321,2017-12-17 17:00:00,74.4202944828404,66.40735528114469,82.26236791245226,78.38,2017-12-17 07:00:00
322,2017-12-17 18:00:00,77.09737315012276,69.2528845359974,84.38022586674599,82.85,2017-12-17 07:00:00
323,2017-12-17 19:00:00,77.35518264724296,69.73844858942,85.06761485436436,84.73,2017-12-17 07:00:00
324,2017-12-17 20:00:00,76.08178453706934,68.64567200357986,83.60280021289628,85.77,2017-12-17 07:00:00
325,2017-12-17 21:00:00,73.08294386801472,65.69861948292585,80.64855845866603,81.1,2017-12-17 07:00:00
326,2017-12-17 22:00:00,66.09458547192376,58.176062791190446,73.62306917081949,75.79,2017-12-17 07:00:00
327,2017-12-17 23:00:00,62.09861477260075,53.952071037630084,69.77843892544324,63.96,2017-12-17 07:00:00
328,2017-12-18 00:00:00,55.81590313983949,47.99298955817287,63.612465531827525,55.68,2017-12-17 07:00:00
329,2017-12-18 01:00:00,52.69813844621918,44.634291781677206,59.90574866851891,51.93,2017-12-17 07:00:00
330,2017-12-18 02:00:00,48.66772308521216,40.84896155457746,56.42267678924683,51.91,2017-12-17 07:00:00
331,2017-12-18 03:00:00,47.22445579511631,40.179858357680544,54.45826648989488,52.22,2017-12-17 07:00:00
332,2017-12-18 04:00:00,50.655306885387844,42.64268980199482,58.48972515261878,53.53,2017-12-17 07:00:00
333,2017-12-18 05:00:00,58.93203267698377,51.61213617771617,66.43260691486563,60.67,2017-12-17 07:00:00
334,2017-12-18 06:00:00,65.28122307326288,57.74563455414397,72.82430446669288,76.52,2017-12-17 07:00:00
335,2017-12-18 07:00:00,69.36506677766813,61.36584355172436,77.0446070450643,79.07,2017-12-17 07:00:00
336,2017-12-21 08:00:00,77.67924846762713,70.18158082067546,85.04403712948243,77.1,2017-12-21 07:00:00
337,2017-12-21 09:00:00,78.05914234497361,70.18508625603134,85.65124897793596,78.03,2017-12-21 07:00:00
338,2017-12-21 10:00:00,76.8280854886147,68.69592157191167,84.4220840756888,77.88,2017-12-21 07:00:00
339,2017-12-21 11:00:00,76.03475822871255,68.08064195161995,83.93906823216759,76.54,2017-12-21 07:00:00
340,2017-12-21 12:00:00,75.06883599277734,67.92761891089594,82.53339058304731,76.55,2017-12-21 07:00:00
341,2017-12-21 13:00:00,73.20855454477909,65.16771113105551,80.6653815113347,77.72,2017-12-21 07:00:00
342,2017-12-21 14:00:00,72.84449409224248,65.42709104894855,80.46620499018331,77.47,2017-12-21 07:00:00
343,2017-12-21 15:00:00,73.85707643037601,66.42031668633777,81.80432254412254,77.62,2017-12-21 07:00:00
344,2017-12-21 16:00:00,77.84060447923191,70.38029293216968,85.64875827369582,78.51,2017-12-21 07:00:00
345,2017-12-21 17:00:00,82.91444340081071,75.42898638364441,90.8941254619438,82.68,2017-12-21 07:00:00
346,2017-12-21 18:00:00,83.43103981656566,75.59041039008093,90.68928796932398,84.41,2017-12-21 07:00:00
347,2017-12-21 19:00:00,80.07825258469992,72.56358799588803,87.84856080528107,82.05,2017-12-21 07:00:00
348,2017-12-21 20:00:00,76.48891133673263,68.39770493657679,84.4630478310932,79.07,2017-12-21 07:00:00
349,2017-12-21 21:00:00,70.0324348678799,62.38073195909174,78.1727756832802,76.85,2017-12-21 07:00:00
350,2017-12-21 22:00:00,66.68820743601943,59.05103335031228,74.2116150904117,73.4,2017-12-21 07:00:00
351,2017-12-21 23:00:00,62.7215647176796,55.143521663996445,70.3092948578369,67.38,2017-12-21 07:00:00
352,2017-12-22 00:00:00,56.85384416487116,48.9540214732644,64.21829179307137,57.48,2017-12-21 07:00:00
353,2017-12-22 01:00:00,54.531000004941745,46.91276329127572,62.505443591474474,53.64,2017-12-21 07:00:00
354,2017-12-22 02:00:00,50.44937307266814,42.55945963352611,57.925222341244734,50.51,2017-12-21 07:00:00
355,2017-12-22 03:00:00,49.26711863268954,41.45634751935664,56.73501380281075,49.99,2017-12-21 07:00:00
356,2017-12-22 04:00:00,53.930047216192676,46.43705775913732,61.651270999567906,49.9,2017-12-21 07:00:00
357,2017-12-22 05:00:00,59.93724320552401,51.96375783435048,67.38469904582935,56.68,2017-12-21 07:00:00
358,2017-12-22 06:00:00,69.54896270624064,61.81921383476122,77.14867989373408,69.91,2017-12-21 07:00:00
359,2017-12-22 07:00:00,73.9593680787503,66.61466869631266,81.69354120678128,73.79,2017-12-21 07:00:00
360,2017-12-25 08:00:00,69.71027644100107,62.71841828942688,77.08126624517183,53.08,2017-12-25 07:00:00
361,2017-12-25 09:00:00,70.67894622687332,62.96392509702966,78.04711000362035,60.09,2017-12-25 07:00:00
362,2017-12-25 10:00:00,70.33770809502724,62.73039191804451,77.42828121048929,60.26,2017-12-25 07:00:00
363,2017-12-25 11:00:00,70.28724785396949,62.5928522754662,78.03972075977462,59.83,2017-12-25 07:00:00
364,2017-12-25 12:00:00,70.43907722016145,63.02091794769447,77.93582901408386,57.88,2017-12-25 07:00:00
365,2017-12-25 13:00:00,70.36418809035415,62.806957757812796,78.2883993296454,49.8,2017-12-25 07:00:00
366,2017-12-25 14:00:00,68.95584246504147,61.048289434076594,76.40629342499501,40.22,2017-12-25 07:00:00
367,2017-12-25 15:00:00,69.59651409641415,62.09924444145358,76.93604123810967,38.77,2017-12-25 07:00:00
368,2017-12-25 16:00:00,74.21635723294007,66.62297988752043,81.28506458733801,45.67,2017-12-25 07:00:00
369,2017-12-25 17:00:00,80.44703513915621,72.7181887673469,87.6392390575505,52.15,2017-12-25 07:00:00
370,2017-12-25 18:00:00,81.71939078558029,74.35803898584973,88.91765622859717,58.63,2017-12-25 07:00:00
371,2017-12-25 19:00:00,81.58490428446686,74.20365023944804,88.94358028464875,60.91,2017-12-25 07:00:00
372,2017-12-25 20:00:00,79.88108035939918,72.02762306991454,87.49050857853709,64.93,2017-12-25 07:00:00
373,2017-12-25 21:00:00,73.86753528481375,66.29151854650844,81.25331846153227,63.83,2017-12-25 07:00:00
374,2017-12-25 22:00:00,68.87281853989886,61.479452320747995,76.46294403248484,58.51,2017-12-25 07:00:00
375,2017-12-25 23:00:00,68.71898537415554,60.862721534063866,76.36948621411884,54.37,2017-12-25 07:00:00
376,2017-12-26 00:00:00,65.2431376473324,57.36759210966301,73.07926886027032,46.95,2017-12-25 07:00:00
377,2017-12-26 01:00:00,60.41747443897302,52.49000845999563,68.37841776322568,40.85,2017-12-25 07:00:00
378,2017-12-26 02:00:00,57.68675300964851,49.85628064349714,65.11767303431414,41.38,2017-12-25 07:00:00
379,2017-12-26 03:00:00,56.16718078108063,48.56823708618634,63.40877391643499,40.39,2017-12-25 07:00:00
380,2017-12-26 04:00:00,56.6644360931528,49.63841339434756,64.4294191620738,41.05,2017-12-25 07:00:00
381,2017-12-26 05:00:00,60.189809083679954,52.082316133901834,67.37083136696218,51.03,2017-12-25 07:00:00
382,2017-12-26 06:00:00,64.52968107978903,56.3752302057677,71.47899649655896,59.45,2017-12-25 07:00:00
383,2017-12-26 07:00:00,66.79826522008626,59.233196544370756,74.23626767690472,65.47,2017-12-25 07:00:00
384,2017-12-29 08:00:00,62.932519368798765,55.3079465471148,70.89751317679813,59.81,2017-12-29 07:00:00
385,2017-12-29 09:00:00,63.27765395242947,55.813688037530625,70.79519155187378,60.59,2017-12-29 07:00:00
386,2017-12-29 10:00:00,62.44644101080358,53.80753953845802,70.11759036400053,60.16,2017-12-29 07:00:00
387,2017-12-29 11:00:00,61.9332365719455,53.9146256984312,69.45873992104848,58.94,2017-12-29 07:00:00
388,2017-12-29 12:00:00,59.09376921520795,51.47290724996783,66.5630158628468,57.42,2017-12-29 07:00:00
389,2017-12-29 13:00:00,56.62435973782269,48.97447504243078,64.23759548648034,56.32,2017-12-29 07:00:00
390,2017-12-29 14:00:00,56.102419561143904,48.53196973423932,63.52578663374728,54.88,2017-12-29 07:00:00
391,2017-12-29 15:00:00,57.52505191069239,50.12475315353617,65.63539499936878,57.38,2017-12-29 07:00:00
392,2017-12-29 16:00:00,61.50733721283735,53.84773088594322,69.2444027856293,59.68,2017-12-29 07:00:00
393,2017-12-29 17:00:00,68.05190471575794,60.49915754358684,75.653954010942,65.84,2017-12-29 07:00:00
394,2017-12-29 18:00:00,69.13054097252939,61.269246491961106,76.97538948166442,66.43,2017-12-29 07:00:00
395,2017-12-29 19:00:00,68.36105177410931,60.978863711842486,76.11934729254689,66.04,2017-12-29 07:00:00
396,2017-12-29 20:00:00,65.41589780981653,57.60096344231694,73.33715571422097,63.77,2017-12-29 07:00:00
397,2017-12-29 21:00:00,61.91475710954427,54.525850462956775,69.62894141999138,60.6,2017-12-29 07:00:00
398,2017-12-29 22:00:00,58.76098261989863,51.44357151908417,66.52385365305231,56.73,2017-12-29 07:00:00
399,2017-12-29 23:00:00,52.055048037015666,44.37162452193398,60.023339025123306,41.01,2017-12-29 07:00:00
400,2017-12-30 00:00:00,47.76018102124315,40.34885409630924,55.47315379985735,31.71,2017-12-29 07:00:00
401,2017-12-30 01:00:00,44.422892011258874,36.355505555093,51.60327534832657,31.69,2017-12-29 07:00:00
402,2017-12-30 02:00:00,41.64359906215611,33.59180733503828,49.703166836728684,32.0,2017-12-29 07:00:00
403,2017-12-30 03:00:00,41.34953575273492,33.68546906024307,48.96442597134801,28.45,2017-12-29 07:00:00
404,2017-12-30 04:00:00,41.87682746184003,33.898610252744035,49.42224985755079,27.25,2017-12-29 07:00:00
405,2017-12-30 05:00:00,46.16206122609284,38.976422777789104,54.570531607928956,29.27,2017-12-29 07:00:00
406,2017-12-30 06:00:00,49.42344059765735,41.842661092415675,57.37390966560932,32.67,2017-12-29 07:00:00
407,2017-12-30 07:00:00,53.364307307101214,45.54546285922429,60.73678548079982,36.8,2017-12-29 07:00:00
408,2018-01-02 08:00:00,39.61401253694855,31.294867467790024,47.63791222231194,57.43,2018-01-02 07:00:00
409,2018-01-02 09:00:00,38.36835288735471,31.27106828146684,46.23673156470367,60.31,2018-01-02 07:00:00
410,2018-01-02 10:00:00,37.6232679833861,29.80389626163816,45.592254393922275,58.48,2018-01-02 07:00:00
411,2018-01-02 11:00:00,36.39523050356648,29.08042662734166,43.86155244739465,57.08,2018-01-02 07:00:00
412,2018-01-02 12:00:00,35.14448752276453,27.633509443057328,42.97798359702649,56.33,2018-01-02 07:00:00
413,2018-01-02 13:00:00,35.65182900106521,28.124674897213747,43.800737865628676,56.54,2018-01-02 07:00:00
414,2018-01-02 14:00:00,34.33115207821625,26.366945603463854,41.64956465596833,55.13,2018-01-02 07:00:00
415,2018-01-02 15:00:00,33.80013466318656,26.42164188824403,41.297265882431105,54.64,2018-01-02 07:00:00
416,2018-01-02 16:00:00,38.361727614460484,30.545718525367082,45.714420127208825,57.35,2018-01-02 07:00:00
417,2018-01-02 17:00:00,45.06908489324674,37.02282066927044,52.73822610833747,61.67,2018-01-02 07:00:00
418,2018-01-02 18:00:00,47.23046190239147,39.92080243839238,55.036343273398394,62.34,2018-01-02 07:00:00
419,2018-01-02 19:00:00,44.52683124321062,36.54473001984539,51.756854741206936,64.51,2018-01-02 07:00:00
420,2018-01-02 20:00:00,43.63748835475194,35.90487564314392,51.6007054053906,63.33,2018-01-02 07:00:00
421,2018-01-02 21:00:00,40.486640904402144,33.175653801895756,48.453704282359254,59.09,2018-01-02 07:00:00
422,2018-01-02 22:00:00,35.58083240633314,27.793443035761932,42.920615437634176,48.64,2018-01-02 07:00:00
423,2018-01-02 23:00:00,34.74315872685332,27.43814062565844,42.51043161243446,22.7,2018-01-02 07:00:00
424,2018-01-03 00:00:00,29.728736558990654,21.767481790861698,37.55948766394319,17.25,2018-01-02 07:00:00
425,2018-01-03 01:00:00,25.51032089753118,17.77334117192835,32.70469771793661,15.01,2018-01-02 07:00:00
426,2018-01-03 02:00:00,23.97978678911968,15.75221458558369,31.63548296965443,12.6,2018-01-02 07:00:00
427,2018-01-03 03:00:00,23.67044564068802,15.378458940254623,31.30056534840635,12.4,2018-01-02 07:00:00
428,2018-01-03 04:00:00,26.677251546991286,19.040692354372275,34.736752554422395,14.92,2018-01-02 07:00:00
429,2018-01-03 05:00:00,34.50890628632123,26.415412584129786,42.12742842363332,23.01,2018-01-02 07:00:00
430,2018-01-03 06:00:00,44.88967375230317,37.00320964334451,51.93791547578764,47.4,2018-01-02 07:00:00
431,2018-01-03 07:00:00,50.617161370941446,43.058039619060715,58.796637844891855,60.64,2018-01-02 07:00:00
432,2018-01-06 08:00:00,51.14936824940251,42.97304937279152,59.13324297186236,54.88,2018-01-06 07:00:00
433,2018-01-06 09:00:00,52.93072977291241,44.760017751005094,61.228144159452725,60.5,2018-01-06 07:00:00
434,2018-01-06 10:00:00,51.49831053434914,43.21613611369187,59.908556159153406,61.79,2018-01-06 07:00:00
435,2018-01-06 11:00:00,50.37487220083001,42.82954740322974,58.032687774401495,60.79,2018-01-06 07:00:00
436,2018-01-06 12:00:00,49.11511170858378,41.97797377538848,57.30811393419016,57.9,2018-01-06 07:00:00
437,2018-01-06 13:00:00,48.18597307537351,39.992418273087495,56.30513587591705,55.34,2018-01-06 07:00:00
438,2018-01-06 14:00:00,47.77788739695288,40.317173373279346,55.50137565076386,52.4,2018-01-06 07:00:00
439,2018-01-06 15:00:00,48.47644492398278,40.66249588040222,56.40596954742785,46.01,2018-01-06 07:00:00
440,2018-01-06 16:00:00,51.252352215783816,43.197414466850084,59.3595331954252,51.18,2018-01-06 07:00:00
441,2018-01-06 17:00:00,57.03606364478176,49.4497110445259,65.63841017938843,57.17,2018-01-06 07:00:00
442,2018-01-06 18:00:00,58.2459132667349,50.498877370223184,66.21666262581763,56.13,2018-01-06 07:00:00
443,2018-01-06 19:00:00,57.79219478192981,49.772191142524235,65.39852286983438,57.17,2018-01-06 07:00:00
444,2018-01-06 20:00:00,55.383310285469214,47.89759734478677,63.04415256204101,56.93,2018-01-06 07:00:00
445,2018-01-06 21:00:00,51.565633304691225,43.75303226710908,59.16617105196472,54.39,2018-01-06 07:00:00
446,2018-01-06 22:00:00,47.54835183527852,40.011010919449184,55.734803173917996,52.83,2018-01-06 07:00:00
447,2018-01-06 23:00:00,44.51653182520889,36.89297160575047,52.52530825013409,48.65,2018-01-06 07:00:00
448,2018-01-07 00:00:00,39.85688645779665,32.07860925119277,48.15287038861391,25.47,2018-01-06 07:00:00
449,2018-01-07 01:00:00,34.72785721608865,26.626249607088077,42.35628658151738,26.37,2018-01-06 07:00:00
450,2018-01-07 02:00:00,31.88209521859556,23.877099530377745,39.136056488075816,27.0,2018-01-06 07:00:00
451,2018-01-07 03:00:00,26.558611105763642,19.065678623807095,34.82213792794432,26.15,2018-01-06 07:00:00
452,2018-01-07 04:00:00,26.769705523777514,19.215916669511845,34.799427827952165,27.44,2018-01-06 07:00:00
453,2018-01-07 05:00:00,26.819030025514746,19.17240153750052,34.63162670540409,29.65,2018-01-06 07:00:00
454,2018-01-07 06:00:00,30.99917980595781,23.061693710759933,38.395295595356515,32.91,2018-01-06 07:00:00
455,2018-01-07 07:00:00,35.30908208547906,27.76817117553525,42.9198945615895,40.1,2018-01-06 07:00:00
456,2018-01-10 08:00:00,66.24791896246805,58.53651167667431,74.26393694376333,73.29,2018-01-10 07:00:00
457,2018-01-10 09:00:00,67.35360814219626,59.54142076678852,74.77179787055468,73.7,2018-01-10 07:00:00
458,2018-01-10 10:00:00,65.52632065054475,57.724674984335195,73.12550471561082,65.99,2018-01-10 07:00:00
459,2018-01-10 11:00:00,64.25392126365547,56.21456856792346,71.84494929690194,65.55,2018-01-10 07:00:00
460,2018-01-10 12:00:00,62.60543105637483,55.04089651000223,70.72148738564624,56.26,2018-01-10 07:00:00
461,2018-01-10 13:00:00,60.94504833595788,53.59895201286261,69.11322248793824,54.42,2018-01-10 07:00:00
462,2018-01-10 14:00:00,60.404211111423606,52.52149273314049,68.70548350228403,55.59,2018-01-10 07:00:00
463,2018-01-10 15:00:00,60.98680602674328,53.23026667522477,67.96414937129572,55.39,2018-01-10 07:00:00
464,2018-01-10 16:00:00,63.996450690696186,55.841676027023915,71.07664492867761,58.42,2018-01-10 07:00:00
465,2018-01-10 17:00:00,71.02706648501028,63.49412209061844,79.41560767039769,61.47,2018-01-10 07:00:00
466,2018-01-10 18:00:00,72.7333890777856,65.31836433369048,80.62428931163646,64.01,2018-01-10 07:00:00
467,2018-01-10 19:00:00,72.48136669961521,64.55801803108805,80.34089773391565,68.79,2018-01-10 07:00:00
468,2018-01-10 20:00:00,70.16277407413321,62.3435841496151,77.7765245472464,65.99,2018-01-10 07:00:00
469,2018-01-10 21:00:00,66.84498710530993,58.91671731319311,74.84110423513076,55.28,2018-01-10 07:00:00
470,2018-01-10 22:00:00,61.859790172913534,54.16980933381161,69.51374587666261,52.91,2018-01-10 07:00:00
471,2018-01-10 23:00:00,56.487880834940725,48.56308930282765,64.136798762709,45.39,2018-01-10 07:00:00
472,2018-01-11 00:00:00,47.13124517914474,39.89291779049646,54.31494957099382,40.84,2018-01-10 07:00:00
473,2018-01-11 01:00:00,44.99527464233405,37.24738693293278,52.951635085339205,38.45,2018-01-10 07:00:00
474,2018-01-11 02:00:00,43.34946488935387,35.7229373892823,51.07928338376024,38.6,2018-01-10 07:00:00
475,2018-01-11 03:00:00,43.79227471549953,35.525486084222116,51.56754525653613,38.58,2018-01-10 07:00:00
476,2018-01-11 04:00:00,45.85280384302387,38.01541860741103,53.63792615716872,41.77,2018-01-10 07:00:00
477,2018-01-11 05:00:00,50.81439906254983,43.21872079797417,58.82432302950584,47.04,2018-01-10 07:00:00
478,2018-01-11 06:00:00,59.39902063403519,51.56407333993039,67.21233302380035,57.74,2018-01-10 07:00:00
479,2018-01-11 07:00:00,66.47679071999356,58.31047659521618,74.59671596001883,63.98,2018-01-10 07:00:00
480,2018-01-14 08:00:00,54.64434856212859,46.88658302928714,62.79469994667031,53.33,2018-01-14 07:00:00
481,2018-01-14 09:00:00,56.71077169173304,49.08298156800235,65.0981057074669,58.9,2018-01-14 07:00:00
482,2018-01-14 10:00:00,57.24345777034874,49.111274610860725,64.9169027738378,59.48,2018-01-14 07:00:00
483,2018-01-14 11:00:00,56.86397085143081,48.67957082624334,65.18616720025804,59.72,2018-01-14 07:00:00
484,2018-01-14 12:00:00,57.32538791949459,48.97059063068566,65.37354619014454,62.95,2018-01-14 07:00:00
485,2018-01-14 13:00:00,56.765208230449936,48.42830521035534,64.35166927519815,63.42,2018-01-14 07:00:00
486,2018-01-14 14:00:00,54.27947654549142,46.720936705052566,62.48292615906568,58.78,2018-01-14 07:00:00
487,2018-01-14 15:00:00,54.51085727174877,46.40508726692792,62.71340420653502,58.03,2018-01-14 07:00:00
488,2018-01-14 16:00:00,58.503810859092624,50.96118083016651,66.52689599687619,59.82,2018-01-14 07:00:00
489,2018-01-14 17:00:00,65.25042191148349,56.92387141095762,73.16170009985724,66.87,2018-01-14 07:00:00
490,2018-01-14 18:00:00,68.6206840303354,60.09799245860018,76.85033889874695,70.72,2018-01-14 07:00:00
491,2018-01-14 19:00:00,70.5402820802482,62.202709599769484,78.0945803257958,73.12,2018-01-14 07:00:00
492,2018-01-14 20:00:00,70.27105983111588,62.23873989322443,78.21061990350404,73.72,2018-01-14 07:00:00
493,2018-01-14 21:00:00,66.04164445478148,58.032029707152844,73.8849399491703,70.92,2018-01-14 07:00:00
494,2018-01-14 22:00:00,63.36930243068269,55.79928250643991,70.67573936079256,66.46,2018-01-14 07:00:00
495,2018-01-14 23:00:00,57.831138621864675,49.40171313030547,65.31936246435178,64.88,2018-01-14 07:00:00
496,2018-01-15 00:00:00,53.77125158904629,45.91338344626411,62.0375743054155,57.73,2018-01-14 07:00:00
497,2018-01-15 01:00:00,51.696008599774466,43.820662036590235,59.22276140955981,51.82,2018-01-14 07:00:00
498,2018-01-15 02:00:00,50.79734248462749,43.125268021219526,58.590869630629385,50.38,2018-01-14 07:00:00
499,2018-01-15 03:00:00,50.892125771979,43.4017210528901,59.37361373713227,49.88,2018-01-14 07:00:00
500,2018-01-15 04:00:00,51.66738767152187,43.75263649471616,58.886586671233964,51.18,2018-01-14 07:00:00
501,2018-01-15 05:00:00,55.306956499947525,47.46240414881259,63.176259915701465,59.49,2018-01-14 07:00:00
502,2018-01-15 06:00:00,59.37579827440931,51.309971065026176,67.40968620041085,64.55,2018-01-14 07:00:00
503,2018-01-15 07:00:00,61.51140678911252,53.414602657600526,70.06482184000463,71.3,2018-01-14 07:00:00
504,2018-01-18 08:00:00,68.11467739966257,60.50976102095458,75.82528846347677,67.08,2018-01-18 07:00:00
505,2018-01-18 09:00:00,68.95260175761604,61.21727467659262,76.73027022371241,68.39,2018-01-18 07:00:00
506,2018-01-18 10:00:00,66.30624355971351,58.25509274550566,74.37090630899206,68.03,2018-01-18 07:00:00
507,2018-01-18 11:00:00,65.37958715406711,57.35553912110021,73.77669428271446,67.41,2018-01-18 07:00:00
508,2018-01-18 12:00:00,64.41327301420769,56.625743806827124,72.48394209669873,66.48,2018-01-18 07:00:00
509,2018-01-18 13:00:00,63.95019647237504,56.243189858275535,71.67857914223798,66.29,2018-01-18 07:00:00
510,2018-01-18 14:00:00,63.36576068011223,55.62420749651443,71.15216057217691,66.13,2018-01-18 07:00:00
511,2018-01-18 15:00:00,63.395773134020686,54.66317979779213,71.58323515456516,66.04,2018-01-18 07:00:00
512,2018-01-18 16:00:00,65.4329493910366,57.16898384645016,73.19708947119922,66.06,2018-01-18 07:00:00
513,2018-01-18 17:00:00,70.96696937910177,63.11683054456008,78.11387662387413,69.45,2018-01-18 07:00:00
514,2018-01-18 18:00:00,72.56080839838401,65.01654425488569,80.81356103257832,70.34,2018-01-18 07:00:00
515,2018-01-18 19:00:00,73.3759273411274,65.64409245238333,81.29144529892972,70.34,2018-01-18 07:00:00
516,2018-01-18 20:00:00,71.73500924743743,64.31539222016913,79.23830920646346,68.24,2018-01-18 07:00:00
517,2018-01-18 21:00:00,67.52393096724663,59.96127094010505,75.7439478547242,66.81,2018-01-18 07:00:00
518,2018-01-18 22:00:00,64.89637689950828,57.160577562753694,72.95705582210684,65.94,2018-01-18 07:00:00
519,2018-01-18 23:00:00,61.13210942448994,53.1832000879549,69.27466294837076,62.39,2018-01-18 07:00:00
520,2018-01-19 00:00:00,54.279172908478124,46.185965637914535,62.36794231888944,54.72,2018-01-18 07:00:00
521,2018-01-19 01:00:00,50.26904574027443,41.628730422635435,58.02747715319173,50.95,2018-01-18 07:00:00
522,2018-01-19 02:00:00,48.514309962532224,40.788212668546976,56.098662335096975,49.39,2018-01-18 07:00:00
523,2018-01-19 03:00:00,48.3864735077466,41.033940813336116,56.477488885052935,49.16,2018-01-18 07:00:00
524,2018-01-19 04:00:00,49.882170410113936,41.849621254024434,57.53514568022495,49.31,2018-01-18 07:00:00
525,2018-01-19 05:00:00,57.414475301324615,49.025726802864604,65.89184125113114,55.84,2018-01-18 07:00:00
526,2018-01-19 06:00:00,62.655504944515755,54.73170644266379,71.31757413292418,62.73,2018-01-18 07:00:00
527,2018-01-19 07:00:00,67.26304485847308,59.62530247921222,75.47697720719869,65.51,2018-01-18 07:00:00
528,2018-01-22 08:00:00,57.37696956579841,49.634300836806574,65.48423611159161,66.14,2018-01-22 07:00:00
529,2018-01-22 09:00:00,60.249954114697594,53.09873139421673,68.57892265971498,67.02,2018-01-22 07:00:00
530,2018-01-22 10:00:00,59.285732423249776,50.875448823732505,67.30768995853367,65.83,2018-01-22 07:00:00
531,2018-01-22 11:00:00,57.96921426213777,50.37076553718813,65.92621691040337,65.62,2018-01-22 07:00:00
532,2018-01-22 12:00:00,59.39821501111773,51.21413466086366,67.47491228046736,63.89,2018-01-22 07:00:00
533,2018-01-22 13:00:00,57.44244440284592,50.19676175078158,65.5353097418396,61.85,2018-01-22 07:00:00
534,2018-01-22 14:00:00,54.42299898437257,46.834608081704296,62.81170187232872,59.04,2018-01-22 07:00:00
535,2018-01-22 15:00:00,53.66846803772968,45.48095438030053,61.35987031759801,58.19,2018-01-22 07:00:00
536,2018-01-22 16:00:00,56.93923200622365,48.853503157764706,64.62461287926476,61.78,2018-01-22 07:00:00
537,2018-01-22 17:00:00,65.62782485802424,57.635896480068496,73.44168017739176,65.45,2018-01-22 07:00:00
538,2018-01-22 18:00:00,68.49334111686065,61.158403435386276,76.36118157060716,67.11,2018-01-22 07:00:00
539,2018-01-22 19:00:00,69.08750141423502,61.07259762936897,76.37890612280108,68.63,2018-01-22 07:00:00
540,2018-01-22 20:00:00,69.22968762959516,61.61394250954669,76.47782130762201,67.14,2018-01-22 07:00:00
541,2018-01-22 21:00:00,66.28843915053753,58.494359793075674,74.55541916207073,63.68,2018-01-22 07:00:00
542,2018-01-22 22:00:00,62.403673141783386,54.4851515342177,70.28135126281683,62.07,2018-01-22 07:00:00
543,2018-01-22 23:00:00,59.325989317666114,51.49058931355766,67.1055081998526,62.85,2018-01-22 07:00:00
544,2018-01-23 00:00:00,50.36333767386656,42.54749466256803,58.25135258418663,56.68,2018-01-22 07:00:00
545,2018-01-23 01:00:00,46.63174766529395,39.03139743395942,54.87060592720797,53.0,2018-01-22 07:00:00
546,2018-01-23 02:00:00,45.492854682517724,37.32555416759354,53.38804434063596,51.56,2018-01-22 07:00:00
547,2018-01-23 03:00:00,44.80155963513399,36.6639237461509,52.64872003375178,51.65,2018-01-22 07:00:00
548,2018-01-23 04:00:00,46.25401266860071,38.08081047759399,53.46542502885693,52.15,2018-01-22 07:00:00
549,2018-01-23 05:00:00,51.50758907960221,43.657730172334844,59.91090062914432,57.22,2018-01-22 07:00:00
550,2018-01-23 06:00:00,60.845540410173534,53.13285605376608,68.67496576910231,62.29,2018-01-22 07:00:00
551,2018-01-23 07:00:00,65.42384698235533,57.43654712348607,72.99372282547817,66.6,2018-01-22 07:00:00
552,2018-01-26 08:00:00,64.4112509692994,56.168412653804374,72.30494240782217,63.84,2018-01-26 07:00:00
553,2018-01-26 09:00:00,65.35053534962047,57.441096059746485,73.27082298616256,64.7,2018-01-26 07:00:00
554,2018-01-26 10:00:00,64.76495587922075,57.12416789140435,72.45486991303987,61.12,2018-01-26 07:00:00
555,2018-01-26 11:00:00,63.843162464432126,56.17033000405466,71.50586854207309,57.8,2018-01-26 07:00:00
556,2018-01-26 12:00:00,62.12956037072833,54.735126827102235,70.5333178246798,55.45,2018-01-26 07:00:00
557,2018-01-26 13:00:00,61.07447827893669,53.25658970717824,69.40134057683738,55.7,2018-01-26 07:00:00
558,2018-01-26 14:00:00,58.48929244427236,50.86217514593094,66.10460560874552,55.16,2018-01-26 07:00:00
559,2018-01-26 15:00:00,57.429865399184294,49.676697958622256,65.61063575244323,54.78,2018-01-26 07:00:00
560,2018-01-26 16:00:00,58.89234695365252,51.045572558136534,66.6321146228743,57.54,2018-01-26 07:00:00
561,2018-01-26 17:00:00,65.2726072904287,57.54238573614125,73.00433549510721,63.54,2018-01-26 07:00:00
562,2018-01-26 18:00:00,67.01956072537584,58.908870815558465,74.79433983954297,66.47,2018-01-26 07:00:00
563,2018-01-26 19:00:00,67.15916413598615,58.88832830910228,75.19897155708483,66.48,2018-01-26 07:00:00
564,2018-01-26 20:00:00,63.89915570580072,55.740786281239735,72.26828227959986,65.43,2018-01-26 07:00:00
565,2018-01-26 21:00:00,59.48367172098342,51.222235890938094,67.21059036649898,63.51,2018-01-26 07:00:00
566,2018-01-26 22:00:00,55.69387240397962,48.0234913257683,63.598128341369794,60.94,2018-01-26 07:00:00
567,2018-01-26 23:00:00,51.57321776877702,43.138889538248755,59.68248199771472,55.23,2018-01-26 07:00:00
568,2018-01-27 00:00:00,46.62966499536802,39.12069330170021,54.613363262879204,44.44,2018-01-26 07:00:00
569,2018-01-27 01:00:00,43.27209762009004,34.27955910360838,51.066385819505186,42.8,2018-01-26 07:00:00
570,2018-01-27 02:00:00,41.4805880548425,33.48543504669458,49.12628139255677,43.31,2018-01-26 07:00:00
571,2018-01-27 03:00:00,39.692707230315115,32.22583918898963,46.89763660144164,42.74,2018-01-26 07:00:00
572,2018-01-27 04:00:00,40.568452042028774,32.43842211349908,48.443920090201594,42.69,2018-01-26 07:00:00
573,2018-01-27 05:00:00,43.91177736327059,35.91716860635487,51.7721692770023,43.04,2018-01-26 07:00:00
574,2018-01-27 06:00:00,49.671508168481736,41.861396382027394,57.38780179295615,44.84,2018-01-26 07:00:00
575,2018-01-27 07:00:00,53.91898564847889,45.89785438502929,61.55211926152414,49.9,2018-01-26 07:00:00
576,2018-01-30 08:00:00,65.96933047815929,58.09769770879697,74.0700359690107,63.94,2018-01-30 07:00:00
577,2018-01-30 09:00:00,67.03942251309829,59.725657334126254,75.54556105800654,65.88,2018-01-30 07:00:00
578,2018-01-30 10:00:00,65.68308872340289,58.47357818298859,73.41173453410654,65.53,2018-01-30 07:00:00
579,2018-01-30 11:00:00,64.1513629333168,56.05944162477741,71.84026718501981,65.51,2018-01-30 07:00:00
580,2018-01-30 12:00:00,62.03459518277378,53.78786755184596,69.74460223822236,63.94,2018-01-30 07:00:00
581,2018-01-30 13:00:00,60.94282547599835,53.17821076609669,68.78594243744021,63.81,2018-01-30 07:00:00
582,2018-01-30 14:00:00,60.00330374646492,51.96595648838718,67.86187777919586,63.41,2018-01-30 07:00:00
583,2018-01-30 15:00:00,59.5418329288474,52.09422290744377,67.40331064075824,61.78,2018-01-30 07:00:00
584,2018-01-30 16:00:00,60.64115432255509,52.93734942756563,68.4350376262686,63.56,2018-01-30 07:00:00
585,2018-01-30 17:00:00,66.5515201271631,59.00106829175573,73.83733756655582,66.82,2018-01-30 07:00:00
586,2018-01-30 18:00:00,67.94955822980677,60.84890914277984,75.66363798065869,67.82,2018-01-30 07:00:00
587,2018-01-30 19:00:00,68.40318379481765,60.50176115909313,76.49277235690958,67.8,2018-01-30 07:00:00
588,2018-01-30 20:00:00,66.76669623774731,58.77932921024811,74.37263959456868,66.19,2018-01-30 07:00:00
589,2018-01-30 21:00:00,62.06838880994455,54.334938534408664,69.59157747371789,63.48,2018-01-30 07:00:00
590,2018-01-30 22:00:00,59.04876284176239,51.058567683964746,66.87659484278645,60.74,2018-01-30 07:00:00
591,2018-01-30 23:00:00,51.107790024489034,43.76314143312206,58.95803473465466,62.05,2018-01-30 07:00:00
592,2018-01-31 00:00:00,46.86687113333777,38.72645422657971,54.53455098869014,59.01,2018-01-30 07:00:00
593,2018-01-31 01:00:00,44.466082642452776,37.08646786654118,52.18142205618025,54.32,2018-01-30 07:00:00
594,2018-01-31 02:00:00,43.15278062521405,35.222159202616055,51.10515283612166,52.24,2018-01-30 07:00:00
595,2018-01-31 03:00:00,42.82919694777533,35.14194973232672,50.684921378381794,52.45,2018-01-30 07:00:00
596,2018-01-31 04:00:00,44.91308223942401,36.55943998015738,52.68328972722948,54.68,2018-01-30 07:00:00
597,2018-01-31 05:00:00,49.44330577660634,41.47970732868069,57.17625428624907,58.97,2018-01-30 07:00:00
598,2018-01-31 06:00:00,57.388183213522794,49.58512136413698,65.44462592956522,60.54,2018-01-30 07:00:00
599,2018-01-31 07:00:00,63.01472702360529,55.03061778398336,71.11176909829216,63.97,2018-01-30 07:00:00
600,2018-02-03 08:00:00,58.119672751190265,50.20926507118987,65.81082651026665,55.29,2018-02-03 07:00:00
601,2018-02-03 09:00:00,60.14895189101188,51.73620772531415,68.03652174009252,60.06,2018-02-03 07:00:00
602,2018-02-03 10:00:00,58.3156848490363,50.4049485142219,66.1071638261581,56.35,2018-02-03 07:00:00
603,2018-02-03 11:00:00,56.991561489327324,49.198812544431775,64.64860348392834,52.35,2018-02-03 07:00:00
604,2018-02-03 12:00:00,54.94038219686476,47.22162687757006,62.78183627630987,52.41,2018-02-03 07:00:00
605,2018-02-03 13:00:00,50.725694168403955,42.737682899356166,58.88678304619199,50.21,2018-02-03 07:00:00
606,2018-02-03 14:00:00,48.538988500891676,40.2714612775357,55.88083222531682,49.4,2018-02-03 07:00:00
607,2018-02-03 15:00:00,47.91240713314804,40.363957762894216,55.26311255783826,49.03,2018-02-03 07:00:00
608,2018-02-03 16:00:00,51.79163417034878,44.33648166256101,60.38326997518893,54.13,2018-02-03 07:00:00
609,2018-02-03 17:00:00,58.74024225335164,50.70751290391969,66.77472885806378,57.6,2018-02-03 07:00:00
610,2018-02-03 18:00:00,60.67812222745985,52.76986767617081,68.33349900113767,64.39,2018-02-03 07:00:00
611,2018-02-03 19:00:00,61.30485723559352,53.514342173333446,69.5206696275888,65.17,2018-02-03 07:00:00
612,2018-02-03 20:00:00,59.84016905693983,51.91317161816019,67.47686777845664,64.92,2018-02-03 07:00:00
613,2018-02-03 21:00:00,57.04484454177806,48.983330438558276,64.33273398882979,60.75,2018-02-03 07:00:00
614,2018-02-03 22:00:00,55.48157368150703,47.194544775150156,63.48617903783826,56.89,2018-02-03 07:00:00
615,2018-02-03 23:00:00,52.96422183597859,45.36738388438483,60.47749287839613,54.91,2018-02-03 07:00:00
616,2018-02-04 00:00:00,46.90578393690012,39.6563277566126,54.47070925420009,50.11,2018-02-03 07:00:00
617,2018-02-04 01:00:00,41.26023579479172,33.55308684729455,49.14416555906451,48.77,2018-02-03 07:00:00
618,2018-02-04 02:00:00,40.069515383893915,32.27300398887017,47.91944451332322,48.05,2018-02-03 07:00:00
619,2018-02-04 03:00:00,39.40824906121706,31.847821660429737,47.262826344104774,47.82,2018-02-03 07:00:00
620,2018-02-04 04:00:00,40.256691972183454,32.54193845428015,47.774905320719725,49.24,2018-02-03 07:00:00
621,2018-02-04 05:00:00,41.51657312531372,33.81545398518576,48.81428744781631,49.15,2018-02-03 07:00:00
622,2018-02-04 06:00:00,43.58055338398293,35.83616202257737,51.053065715441,49.18,2018-02-03 07:00:00
623,2018-02-04 07:00:00,45.49853267004402,38.009112094157146,53.20872420584548,50.17,2018-02-03 07:00:00
624,2018-02-07 08:00:00,66.91342023577637,58.773746034665585,74.5582269728465,69.83,2018-02-07 07:00:00
625,2018-02-07 09:00:00,67.0557641204071,59.078404141793364,74.4839499103791,69.72,2018-02-07 07:00:00
626,2018-02-07 10:00:00,65.14731361383157,57.39188798563047,72.86758653148483,68.94,2018-02-07 07:00:00
627,2018-02-07 11:00:00,63.436457551159904,55.48930854887339,71.18983661222332,67.75,2018-02-07 07:00:00
628,2018-02-07 12:00:00,60.84491770868092,53.23137221234508,68.5687442013336,64.52,2018-02-07 07:00:00
629,2018-02-07 13:00:00,59.7223567438831,52.343231784977725,67.94931068398706,60.47,2018-02-07 07:00:00
630,2018-02-07 14:00:00,59.00477179658242,51.40063719943358,67.37301247993459,59.53,2018-02-07 07:00:00
631,2018-02-07 15:00:00,59.93582732843026,52.126576227255306,67.79643535511826,61.93,2018-02-07 07:00:00
632,2018-02-07 16:00:00,63.64969345934091,56.26153246563349,71.35941160186279,66.51,2018-02-07 07:00:00
633,2018-02-07 17:00:00,67.86927711588837,60.38215736052866,76.42128922904854,74.45,2018-02-07 07:00:00
634,2018-02-07 18:00:00,69.30977811577748,61.04456492470382,78.03753067860764,74.91,2018-02-07 07:00:00
635,2018-02-07 19:00:00,69.97916235900755,61.54463438884461,77.59580138467963,75.44,2018-02-07 07:00:00
636,2018-02-07 20:00:00,68.41451641570804,60.46008191774575,76.30431593636979,73.54,2018-02-07 07:00:00
637,2018-02-07 21:00:00,63.949292859225416,55.9622779853207,71.82548096520058,69.98,2018-02-07 07:00:00
638,2018-02-07 22:00:00,58.66541241785828,51.30516391067662,66.67233973932954,67.23,2018-02-07 07:00:00
639,2018-02-07 23:00:00,54.992562905926285,46.941464377777095,63.280132208364954,65.66,2018-02-07 07:00:00
640,2018-02-08 00:00:00,51.17802388820112,43.4334418010801,59.57731619542014,60.38,2018-02-07 07:00:00
641,2018-02-08 01:00:00,48.46257430329752,40.70834439839752,55.78238423120153,54.79,2018-02-07 07:00:00
642,2018-02-08 02:00:00,47.25759324886912,39.85995871603044,55.118977522917326,53.96,2018-02-07 07:00:00
643,2018-02-08 03:00:00,46.5274667310099,38.49681453545298,54.338875154995826,53.64,2018-02-07 07:00:00
644,2018-02-08 04:00:00,47.70360195880731,40.121838133528556,55.66442181559847,53.56,2018-02-07 07:00:00
645,2018-02-08 05:00:00,53.14089782245074,45.49492396534683,61.37723425487281,60.62,2018-02-07 07:00:00
646,2018-02-08 06:00:00,61.05704146032267,52.91587753999053,68.53756084990245,66.28,2018-02-07 07:00:00
647,2018-02-08 07:00:00,65.56723779566542,57.764962856954824,73.69109301759187,73.16,2018-02-07 07:00:00
648,2018-02-11 08:00:00,52.82180295892698,45.267349385756575,60.58042374403,50.7,2018-02-11 07:00:00
649,2018-02-11 09:00:00,57.88665634330544,49.95101333801969,65.65023038059893,53.75,2018-02-11 07:00:00
650,2018-02-11 10:00:00,55.36148107586012,47.604491429351945,63.180175524947,53.7,2018-02-11 07:00:00
651,2018-02-11 11:00:00,53.83667180101922,46.086876117405254,61.64270722563313,54.3,2018-02-11 07:00:00
652,2018-02-11 12:00:00,54.08362783720736,46.58519444467477,62.30783073914835,57.09,2018-02-11 07:00:00
653,2018-02-11 13:00:00,53.561837043929664,45.72123018407748,61.796989420291204,54.41,2018-02-11 07:00:00
654,2018-02-11 14:00:00,50.43741681664927,42.76586545976413,58.73601046557719,51.94,2018-02-11 07:00:00
655,2018-02-11 15:00:00,50.3879476878921,42.33733776661726,58.339885820607975,51.65,2018-02-11 07:00:00
656,2018-02-11 16:00:00,52.77810332496507,45.38358546313304,60.95323544505079,50.3,2018-02-11 07:00:00
657,2018-02-11 17:00:00,62.55109871821187,54.97024637742069,70.52578644953876,55.44,2018-02-11 07:00:00
658,2018-02-11 18:00:00,68.72467559338769,60.92756354272946,76.31024414901023,67.81,2018-02-11 07:00:00
659,2018-02-11 19:00:00,70.48281056078733,62.568366284493365,78.15354386009693,68.94,2018-02-11 07:00:00
660,2018-02-11 20:00:00,70.2289928148579,62.31818771953888,78.21962162224645,69.64,2018-02-11 07:00:00
661,2018-02-11 21:00:00,66.43282339118149,58.71801781435226,74.40058722387138,67.35,2018-02-11 07:00:00
662,2018-02-11 22:00:00,64.4481238738199,56.80367061080834,72.54614802510848,60.85,2018-02-11 07:00:00
663,2018-02-11 23:00:00,59.43951242734516,51.21794324482994,67.12576751337357,50.04,2018-02-11 07:00:00
664,2018-02-12 00:00:00,54.422772006179095,46.39457832194283,62.058524947456526,47.82,2018-02-11 07:00:00
665,2018-02-12 01:00:00,51.20220813563327,44.44472675345497,59.72368812858785,47.06,2018-02-11 07:00:00
666,2018-02-12 02:00:00,50.60286815125088,42.108477986979054,58.85980518142135,44.36,2018-02-11 07:00:00
667,2018-02-12 03:00:00,50.524496292514854,42.6538435929317,58.47562835487939,44.06,2018-02-11 07:00:00
668,2018-02-12 04:00:00,51.43752535506811,43.849131149147475,59.13510517892615,45.66,2018-02-11 07:00:00
669,2018-02-12 05:00:00,55.17057329881344,47.54457322912338,62.236566072462594,52.05,2018-02-11 07:00:00
670,2018-02-12 06:00:00,59.302370907751026,51.425606219413375,66.90983833803908,63.46,2018-02-11 07:00:00
671,2018-02-12 07:00:00,62.25694164663144,54.982265131539144,69.93078213696765,66.98,2018-02-11 07:00:00
672,2018-02-15 08:00:00,64.98285143870649,57.26829354311772,72.7075968742371,65.75,2018-02-15 07:00:00
673,2018-02-15 09:00:00,65.59074502784034,57.29633774245805,73.20166094941374,67.2,2018-02-15 07:00:00
674,2018-02-15 10:00:00,62.722558198189425,54.936028871374205,70.59751931464253,67.08,2018-02-15 07:00:00
675,2018-02-15 11:00:00,61.34740788499781,52.83106170877637,69.36067951692448,66.44,2018-02-15 07:00:00
676,2018-02-15 12:00:00,59.42923179691627,51.51108885015197,67.12140318794413,65.98,2018-02-15 07:00:00
677,2018-02-15 13:00:00,57.896902019413375,50.24227152877767,65.92767300406352,65.74,2018-02-15 07:00:00
678,2018-02-15 14:00:00,56.59920016184712,49.001127080584816,64.02322092133062,66.25,2018-02-15 07:00:00
679,2018-02-15 15:00:00,56.855233948200514,49.22046530681606,65.06535628665144,66.6,2018-02-15 07:00:00
680,2018-02-15 16:00:00,57.68668131403127,49.88004413381831,65.29296771526234,67.05,2018-02-15 07:00:00
681,2018-02-15 17:00:00,64.92749756247586,56.80245793075412,72.18277455752524,70.13,2018-02-15 07:00:00
682,2018-02-15 18:00:00,69.12638535901642,61.637979405082895,76.6714054386326,72.35,2018-02-15 07:00:00
683,2018-02-15 19:00:00,69.76074611972433,62.45392683157008,77.69812660894527,73.33,2018-02-15 07:00:00
684,2018-02-15 20:00:00,67.6168838214694,59.30934877381513,74.95786088862644,72.19,2018-02-15 07:00:00
685,2018-02-15 21:00:00,63.61083057312707,55.70055564736435,71.4442530539151,67.84,2018-02-15 07:00:00
686,2018-02-15 22:00:00,56.99956916423735,49.432407062918784,65.41346245319816,66.08,2018-02-15 07:00:00
687,2018-02-15 23:00:00,52.384706635000946,44.04469947167115,59.79667680318507,64.33,2018-02-15 07:00:00
688,2018-02-16 00:00:00,50.12488038963936,42.455258375514475,58.01745140753495,63.28,2018-02-15 07:00:00
689,2018-02-16 01:00:00,47.28529081601689,39.45857119856243,55.53307102510381,60.7,2018-02-15 07:00:00
690,2018-02-16 02:00:00,46.04108089233638,37.84599325205243,53.83817542054152,56.38,2018-02-15 07:00:00
691,2018-02-16 03:00:00,46.20033656853636,38.50841804183112,53.97510952778017,54.94,2018-02-15 07:00:00
692,2018-02-16 04:00:00,47.933802951984894,39.99164405655738,55.75653439854351,58.47,2018-02-15 07:00:00
693,2018-02-16 05:00:00,52.120113392582105,44.997296869341675,59.894142177184975,63.63,2018-02-15 07:00:00
694,2018-02-16 06:00:00,59.31763503445566,51.69549886979066,67.07253089748205,64.66,2018-02-15 07:00:00
695,2018-02-16 07:00:00,64.50799408555883,56.93296273681309,73.01149140810234,67.8,2018-02-15 07:00:00
696,2018-02-19 08:00:00,64.7375929018934,57.42855280170592,72.83372990963234,67.37,2018-02-19 07:00:00
697,2018-02-19 09:00:00,66.86843258789132,59.05556391537241,74.3795396040423,68.49,2018-02-19 07:00:00
698,2018-02-19 10:00:00,68.37222031507335,60.510157647288864,76.47989541442861,67.98,2018-02-19 07:00:00
699,2018-02-19 11:00:00,66.83326158563587,59.46753118987668,74.75647270318764,67.8,2018-02-19 07:00:00
700,2018-02-19 12:00:00,67.76143018785159,59.324568611166306,75.34720014830962,66.54,2018-02-19 07:00:00
701,2018-02-19 13:00:00,65.56041947824892,58.31531064215167,73.87950673289009,66.04,2018-02-19 07:00:00
702,2018-02-19 14:00:00,62.45776413424704,54.52678212278616,70.29061624032516,65.32,2018-02-19 07:00:00
703,2018-02-19 15:00:00,61.441998359381614,53.88383794410016,69.20704514714106,63.22,2018-02-19 07:00:00
704,2018-02-19 16:00:00,63.67130539137983,56.043981890846055,71.33854767536504,66.04,2018-02-19 07:00:00
705,2018-02-19 17:00:00,70.00601398590494,61.99182117658151,77.45244700372032,71.47,2018-02-19 07:00:00
706,2018-02-19 18:00:00,72.92040039830341,64.98381064845744,80.72721691051444,70.97,2018-02-19 07:00:00
707,2018-02-19 19:00:00,73.54451088246655,66.21389231555571,81.52862363488035,69.12,2018-02-19 07:00:00
708,2018-02-19 20:00:00,72.75088628542612,65.0010235569599,80.57646514340557,67.51,2018-02-19 07:00:00
709,2018-02-19 21:00:00,69.74385087228134,62.036345908912516,77.54055255164002,63.03,2018-02-19 07:00:00
710,2018-02-19 22:00:00,67.507349438477,59.057592067905766,75.41803018317198,58.29,2018-02-19 07:00:00
711,2018-02-19 23:00:00,64.39326440995453,56.7550254944905,72.00745136824514,55.24,2018-02-19 07:00:00
712,2018-02-20 00:00:00,57.303652191647664,49.367765996576146,64.9886131278604,51.13,2018-02-19 07:00:00
713,2018-02-20 01:00:00,53.788837711816676,45.27439595559499,61.95221721395686,46.61,2018-02-19 07:00:00
714,2018-02-20 02:00:00,52.9288281778847,44.61333004935333,60.3622324475823,46.85,2018-02-19 07:00:00
715,2018-02-20 03:00:00,52.48226116378914,44.81353141496417,60.47588401956878,46.31,2018-02-19 07:00:00
716,2018-02-20 04:00:00,53.46485785868748,45.57033161216272,61.34343400581844,46.8,2018-02-19 07:00:00
717,2018-02-20 05:00:00,58.5246827827441,50.815636169339705,66.19996657978953,51.61,2018-02-19 07:00:00
718,2018-02-20 06:00:00,64.84643509901885,57.2089367084392,72.49700729506338,63.63,2018-02-19 07:00:00
719,2018-02-20 07:00:00,68.67882952539458,61.403527780742984,76.30213490508416,68.24,2018-02-19 07:00:00
720,2018-02-23 08:00:00,67.53488015318727,59.20329257942569,75.44759627414507,68.02,2018-02-23 07:00:00
721,2018-02-23 09:00:00,68.13437095912722,59.975632670682856,75.61094507733573,68.42,2018-02-23 07:00:00
722,2018-02-23 10:00:00,67.33861640828015,58.985137745676546,74.33375884216943,68.65,2018-02-23 07:00:00
723,2018-02-23 11:00:00,66.02218396590884,58.86548550087962,73.9640192962806,68.77,2018-02-23 07:00:00
724,2018-02-23 12:00:00,63.382804895252086,55.22258639805574,71.31840371316909,67.63,2018-02-23 07:00:00
725,2018-02-23 13:00:00,60.61411783156902,52.734274220426876,68.2247285654445,67.34,2018-02-23 07:00:00
726,2018-02-23 14:00:00,58.843987337560456,51.35743057928004,66.04162638958873,67.2,2018-02-23 07:00:00
727,2018-02-23 15:00:00,59.83339264429095,52.287964552210106,67.84771441020065,67.17,2018-02-23 07:00:00
728,2018-02-23 16:00:00,64.10321453504781,56.16412633809659,71.34637334443694,66.96,2018-02-23 07:00:00
729,2018-02-23 17:00:00,69.06166989928585,61.12010368758773,77.39117120856075,69.04,2018-02-23 07:00:00
730,2018-02-23 18:00:00,70.986121690445,63.552713523469336,77.90439195051793,73.13,2018-02-23 07:00:00
731,2018-02-23 19:00:00,70.70649257182397,63.02879313247673,78.24066624384307,72.81,2018-02-23 07:00:00
732,2018-02-23 20:00:00,69.04398731115774,61.46221085058126,76.74166613581666,70.59,2018-02-23 07:00:00
733,2018-02-23 21:00:00,66.04869304579012,58.67054139673485,74.24888856923441,67.93,2018-02-23 07:00:00
734,2018-02-23 22:00:00,63.95134493969481,56.41700220141617,71.84760789536854,67.9,2018-02-23 07:00:00
735,2018-02-23 23:00:00,57.81687492610642,49.93955651725384,65.5820464925384,65.55,2018-02-23 07:00:00
736,2018-02-24 00:00:00,54.181442186908626,46.22980085643448,61.80562022401462,64.08,2018-02-23 07:00:00
737,2018-02-24 01:00:00,51.38610584902407,43.4948224134979,59.31826479952678,61.86,2018-02-23 07:00:00
738,2018-02-24 02:00:00,49.55625589656937,41.96786814457676,58.06375197715781,59.14,2018-02-23 07:00:00
739,2018-02-24 03:00:00,48.999684654404774,40.43221007487468,56.94874134204778,57.88,2018-02-23 07:00:00
740,2018-02-24 04:00:00,49.4661610574227,41.51375825859865,57.365709423374106,57.64,2018-02-23 07:00:00
741,2018-02-24 05:00:00,53.01050627074716,45.60874236300407,60.76018761230712,58.86,2018-02-23 07:00:00
742,2018-02-24 06:00:00,57.718593249180934,49.6300969844211,65.9140340912493,61.57,2018-02-23 07:00:00
743,2018-02-24 07:00:00,60.61972569463725,53.166612262646666,69.11097571123719,59.03,2018-02-23 07:00:00
744,2018-02-27 08:00:00,73.76286034285263,65.54143532928134,81.56961441499489,76.84,2018-02-27 07:00:00
745,2018-02-27 09:00:00,73.90249416836708,66.19449524655184,82.12894578998885,79.07,2018-02-27 07:00:00
746,2018-02-27 10:00:00,72.45219556775686,64.57268513026808,79.96250475107004,78.82,2018-02-27 07:00:00
747,2018-02-27 11:00:00,71.0021838825208,63.15791723753216,79.24621068841736,79.57,2018-02-27 07:00:00
748,2018-02-27 12:00:00,68.98782658512518,61.3171231502326,76.80159711527602,77.1,2018-02-27 07:00:00
749,2018-02-27 13:00:00,67.9253523165582,60.10242056358527,75.62162533561255,77.27,2018-02-27 07:00:00
750,2018-02-27 14:00:00,66.89914622023403,59.61542929679749,74.84275405689769,72.61,2018-02-27 07:00:00
751,2018-02-27 15:00:00,66.46871581591022,58.809791990719496,73.94630643705754,76.29,2018-02-27 07:00:00
752,2018-02-27 16:00:00,69.33415230134646,61.40476663022481,76.79465956215257,74.1,2018-02-27 07:00:00
753,2018-02-27 17:00:00,74.08182830623096,65.54257834919609,80.91394748458225,75.14,2018-02-27 07:00:00
754,2018-02-27 18:00:00,76.28898972736877,68.4820602582796,84.48155132117338,82.93,2018-02-27 07:00:00
755,2018-02-27 19:00:00,78.32209601818423,70.8697608842028,85.64522701694304,84.55,2018-02-27 07:00:00
756,2018-02-27 20:00:00,73.46880438695172,65.21094425301438,81.48226093070825,80.95,2018-02-27 07:00:00
757,2018-02-27 21:00:00,69.83805968909402,61.54508278050096,77.88576439545542,73.51,2018-02-27 07:00:00
758,2018-02-27 22:00:00,66.53539295124894,58.80224052111683,74.61610177677608,69.9,2018-02-27 07:00:00
759,2018-02-27 23:00:00,62.12519558192961,54.686578016998396,70.14939285447522,65.97,2018-02-27 07:00:00
760,2018-02-28 00:00:00,58.90767661885174,50.886847822833126,66.44201267458048,64.33,2018-02-27 07:00:00
761,2018-02-28 01:00:00,55.74759556859904,47.67746410929939,63.526577931276165,56.39,2018-02-27 07:00:00
762,2018-02-28 02:00:00,54.815586846226,47.18480983760612,62.63757275783691,54.02,2018-02-27 07:00:00
763,2018-02-28 03:00:00,54.757935188457935,47.18164896882221,62.33208569424118,52.49,2018-02-27 07:00:00
764,2018-02-28 04:00:00,56.20912567895806,48.744074876096214,64.10506182530106,52.58,2018-02-27 07:00:00
765,2018-02-28 05:00:00,61.415732821352805,53.36184810335608,68.9219923749477,54.24,2018-02-27 07:00:00
766,2018-02-28 06:00:00,69.0701504313843,61.446753418721485,76.9860312708518,65.04,2018-02-27 07:00:00
767,2018-02-28 07:00:00,72.74481460449832,64.79109270031454,81.08415449069355,68.95,2018-02-27 07:00:00
768,2018-03-03 08:00:00,67.16552064917995,59.749634168001336,75.29545908824812,53.69,2018-03-03 07:00:00
769,2018-03-03 09:00:00,68.16728107511132,59.98876965206597,75.67178791265388,54.19,2018-03-03 07:00:00
770,2018-03-03 10:00:00,66.62432931614195,58.957236962485155,74.59255228020342,52.35,2018-03-03 07:00:00
771,2018-03-03 11:00:00,65.10633989215194,57.49878067722432,73.19547513134707,50.58,2018-03-03 07:00:00
772,2018-03-03 12:00:00,63.65168084692656,55.31185817017359,71.10927016306235,49.67,2018-03-03 07:00:00
773,2018-03-03 13:00:00,60.970592163514475,52.968781630734355,68.83805032646865,48.8,2018-03-03 07:00:00
774,2018-03-03 14:00:00,58.74978047002671,51.10690303094289,67.11527843605175,47.28,2018-03-03 07:00:00
775,2018-03-03 15:00:00,56.45126391587136,48.747472168828985,63.807936510683305,49.04,2018-03-03 07:00:00
776,2018-03-03 16:00:00,56.25113661499183,48.770330226670104,63.81820556913991,52.4,2018-03-03 07:00:00
777,2018-03-03 17:00:00,58.90477774127453,50.82616136924829,66.61435674224767,59.46,2018-03-03 07:00:00
778,2018-03-03 18:00:00,62.43758095385173,54.559732465782815,70.00071670670722,71.11,2018-03-03 07:00:00
779,2018-03-03 19:00:00,64.10789022081634,56.1700606043156,72.41463309237479,64.79,2018-03-03 07:00:00
780,2018-03-03 20:00:00,63.440292140386426,55.72634392465368,71.55303235535892,65.97,2018-03-03 07:00:00
781,2018-03-03 21:00:00,58.11389393033757,50.085611935467114,66.09562296451975,59.25,2018-03-03 07:00:00
782,2018-03-03 22:00:00,54.1187425680736,46.34686593454272,61.79022450666806,57.77,2018-03-03 07:00:00
783,2018-03-03 23:00:00,53.68776416170575,45.5085762344732,61.407890682742924,56.62,2018-03-03 07:00:00
784,2018-03-04 00:00:00,51.372462769849754,44.113199452111886,59.66708193078477,52.6,2018-03-03 07:00:00
785,2018-03-04 01:00:00,48.822455846247166,40.79507339518989,56.427678885292636,48.65,2018-03-03 07:00:00
786,2018-03-04 02:00:00,47.64074125030063,39.38492111229981,55.68096678578592,46.2,2018-03-03 07:00:00
787,2018-03-04 03:00:00,47.63141572852539,39.87283382294288,55.132323956200075,45.76,2018-03-03 07:00:00
788,2018-03-04 04:00:00,48.060633847489086,40.30732524571995,55.81611333656588,46.07,2018-03-03 07:00:00
789,2018-03-04 05:00:00,49.77753145284757,41.52130673758178,57.710193760239775,46.6,2018-03-03 07:00:00
790,2018-03-04 06:00:00,51.6855401673962,44.077643184124234,59.81062371065579,46.75,2018-03-03 07:00:00
791,2018-03-04 07:00:00,53.50944984191832,45.71544723379642,61.55543010745449,48.23,2018-03-03 07:00:00
792,2018-03-07 08:00:00,69.66050320340459,61.18774812728744,77.8862632800326,67.07,2018-03-07 07:00:00
793,2018-03-07 09:00:00,69.57189377890604,61.843727964734846,77.21123896870532,63.52,2018-03-07 07:00:00
794,2018-03-07 10:00:00,66.97401341361655,59.46642945602854,75.44614848000744,63.29,2018-03-07 07:00:00
795,2018-03-07 11:00:00,65.62059829851837,57.29953341736791,73.7765611752861,58.61,2018-03-07 07:00:00
796,2018-03-07 12:00:00,63.74243453969762,55.97145021163683,71.3496830532886,58.39,2018-03-07 07:00:00
797,2018-03-07 13:00:00,62.562939364728265,55.04855884994408,70.667907203517,58.67,2018-03-07 07:00:00
798,2018-03-07 14:00:00,62.03126590274763,54.684199841239376,69.67522726621897,58.01,2018-03-07 07:00:00
799,2018-03-07 15:00:00,62.861338692297394,55.39462544454233,70.53905961486925,57.94,2018-03-07 07:00:00
800,2018-03-07 16:00:00,66.12655420397401,58.42765003019034,74.45111890635307,61.6,2018-03-07 07:00:00
801,2018-03-07 17:00:00,71.58332398198833,63.468765472235845,79.15739390652143,71.43,2018-03-07 07:00:00
802,2018-03-07 18:00:00,75.55177889236032,67.54172280259995,83.93014251205473,74.89,2018-03-07 07:00:00
803,2018-03-07 19:00:00,73.92075813467494,66.57362372910914,81.75316269174651,75.32,2018-03-07 07:00:00
804,2018-03-07 20:00:00,71.03949801729269,63.14748061204479,78.36389371373669,71.23,2018-03-07 07:00:00
805,2018-03-07 21:00:00,66.6424813711244,58.9891683868227,74.39040986369052,60.8,2018-03-07 07:00:00
806,2018-03-07 22:00:00,61.56339652541671,53.90299007739516,69.72670061579969,55.17,2018-03-07 07:00:00
807,2018-03-07 23:00:00,55.59164962361221,47.60549047051417,63.21042335421564,47.54,2018-03-07 07:00:00
808,2018-03-08 00:00:00,52.89612164702119,45.1444584680744,60.68969815687173,46.91,2018-03-07 07:00:00
809,2018-03-08 01:00:00,50.58992634231839,42.592123203146826,58.53441560666973,45.19,2018-03-07 07:00:00
810,2018-03-08 02:00:00,50.194237286549026,42.23782682614367,58.627211498135175,45.9,2018-03-07 07:00:00
811,2018-03-08 03:00:00,49.97119598034944,42.45264459308221,58.01210026304951,46.56,2018-03-07 07:00:00
812,2018-03-08 04:00:00,51.88021248498328,44.01758007583229,59.74583838686064,48.19,2018-03-07 07:00:00
813,2018-03-08 05:00:00,56.76858693580124,48.814967880033244,64.22487006200379,53.25,2018-03-07 07:00:00
814,2018-03-08 06:00:00,64.8659193515655,57.55736327704145,72.62556297794495,57.95,2018-03-07 07:00:00
815,2018-03-08 07:00:00,70.9223382732751,63.00784334258655,79.32262213730861,62.22,2018-03-07 07:00:00
816,2018-03-11 08:00:00,46.080420974719445,37.95199577530633,53.70525045726853,15.93,2018-03-11 07:00:00
817,2018-03-11 09:00:00,48.078521114215725,39.71997376785886,55.372742014621515,16.56,2018-03-11 07:00:00
818,2018-03-11 10:00:00,48.51934143192499,41.00797686564411,56.93920144977869,15.23,2018-03-11 07:00:00
819,2018-03-11 11:00:00,48.425367364483165,40.39047939943781,56.86418210261283,14.51,2018-03-11 07:00:00
820,2018-03-11 12:00:00,48.16536006160875,40.42620813397768,56.34502083911908,15.82,2018-03-11 07:00:00
821,2018-03-11 13:00:00,46.435841445459495,38.74878403519616,54.40331084411083,13.52,2018-03-11 07:00:00
822,2018-03-11 14:00:00,43.818864263833674,35.65612453540976,51.623601454987345,13.99,2018-03-11 07:00:00
823,2018-03-11 15:00:00,42.675315160232984,34.82925703923695,50.55446496279781,13.5,2018-03-11 07:00:00
824,2018-03-11 16:00:00,44.09819126871044,36.60344809174461,51.947772451252064,13.89,2018-03-11 07:00:00
825,2018-03-11 17:00:00,49.536968215052724,41.145683762182166,57.477162070546555,13.96,2018-03-11 07:00:00
826,2018-03-11 18:00:00,55.95807906088292,48.260417442751006,63.37813888289479,18.72,2018-03-11 07:00:00
827,2018-03-11 19:00:00,57.00721675513362,48.717066983010916,64.52838686187494,28.38,2018-03-11 07:00:00
828,2018-03-11 20:00:00,54.22601470230145,46.31404047174607,62.098576032168864,28.95,2018-03-11 07:00:00
829,2018-03-11 21:00:00,52.51306926523633,44.41886255359436,60.863768964985155,27.15,2018-03-11 07:00:00
830,2018-03-11 22:00:00,48.08371955267923,40.06646821578809,56.598373847195845,16.73,2018-03-11 07:00:00
831,2018-03-11 23:00:00,36.876322879352415,29.00602622670179,44.8047246731966,33.19,2018-03-11 07:00:00
832,2018-03-12 00:00:00,35.22924515751471,27.83297388522453,43.054442402980946,19.16,2018-03-11 07:00:00
833,2018-03-12 01:00:00,33.17132994896939,25.772678205146136,41.30046910463523,14.89,2018-03-11 07:00:00
834,2018-03-12 02:00:00,32.61017426757312,24.78636491017746,40.94332916234468,14.28,2018-03-11 07:00:00
835,2018-03-12 03:00:00,32.324098831042356,24.116438090667078,40.263661129962045,15.17,2018-03-11 07:00:00
836,2018-03-12 04:00:00,34.279802116117864,26.4249750613713,41.92694404461494,19.39,2018-03-11 07:00:00
837,2018-03-12 05:00:00,36.59952140494029,29.13652243392581,44.344168681720134,34.27,2018-03-11 07:00:00
838,2018-03-12 06:00:00,40.96333164402151,33.03280422654944,49.383456129025824,50.99,2018-03-11 07:00:00
839,2018-03-12 07:00:00,45.1609046851225,37.146760182220866,52.66605838847423,56.26,2018-03-11 07:00:00
840,2018-03-15 08:00:00,59.62481568649331,50.99456386409551,67.60390542296332,54.28,2018-03-15 07:00:00
841,2018-03-15 09:00:00,58.33599132178979,50.80540200004217,66.24788520178925,54.24,2018-03-15 07:00:00
842,2018-03-15 10:00:00,57.50554089154522,49.40512965758429,66.11489145644207,53.77,2018-03-15 07:00:00
843,2018-03-15 11:00:00,54.919628702339296,47.137987740347825,63.04377266296028,52.07,2018-03-15 07:00:00
844,2018-03-15 12:00:00,51.695752426971865,43.67051028619781,59.56198117887175,49.05,2018-03-15 07:00:00
845,2018-03-15 13:00:00,49.05600432993542,40.80809693003104,57.727243529832045,44.15,2018-03-15 07:00:00
846,2018-03-15 14:00:00,45.49637682356733,37.12935973713818,54.00854287034854,42.05,2018-03-15 07:00:00
847,2018-03-15 15:00:00,42.837515801026456,35.239239280928054,50.640916849296815,41.79,2018-03-15 07:00:00
848,2018-03-15 16:00:00,43.14387619953169,34.77183849801848,51.184961236746844,45.72,2018-03-15 07:00:00
849,2018-03-15 17:00:00,43.997366004139444,36.30904691595154,52.08105021028861,57.34,2018-03-15 07:00:00
850,2018-03-15 18:00:00,56.18195110769257,48.42778985767529,64.28710854179398,66.3,2018-03-15 07:00:00
851,2018-03-15 19:00:00,60.32501813148618,52.54558587756696,68.3395696710008,64.86,2018-03-15 07:00:00
852,2018-03-15 20:00:00,54.80121844377792,47.196196859331174,62.86323672012146,57.4,2018-03-15 07:00:00
853,2018-03-15 21:00:00,50.62069027740312,42.41773329138163,58.68499750407899,49.17,2018-03-15 07:00:00
854,2018-03-15 22:00:00,41.61473768792326,33.40375177805368,50.57254230452277,42.73,2018-03-15 07:00:00
855,2018-03-15 23:00:00,40.560049735796156,32.847567630192685,48.803866539218866,53.24,2018-03-15 07:00:00
856,2018-03-16 00:00:00,33.235918549366154,24.548987123984055,41.07339941657788,45.47,2018-03-15 07:00:00
857,2018-03-16 01:00:00,29.822974368173405,21.55162609988188,37.71948024690753,41.69,2018-03-15 07:00:00
858,2018-03-16 02:00:00,28.227859103555318,20.808623207663285,36.7091634718596,39.09,2018-03-15 07:00:00
859,2018-03-16 03:00:00,27.995971753979667,20.229494440276103,35.69037710289461,38.55,2018-03-15 07:00:00
860,2018-03-16 04:00:00,31.011306267744786,23.13502990938212,38.87372119396373,43.79,2018-03-15 07:00:00
861,2018-03-16 05:00:00,42.49839139136859,34.397235715783566,50.64341239549623,52.36,2018-03-15 07:00:00
862,2018-03-16 06:00:00,48.58834917976969,40.71836800964587,56.46353036986931,57.24,2018-03-15 07:00:00
863,2018-03-16 07:00:00,54.44696988643181,47.093852167990136,62.47256474533308,63.78,2018-03-15 07:00:00
864,2018-03-19 08:00:00,57.00298005390516,48.512987729856796,64.29916651898063,67.62,2018-03-19 07:00:00
865,2018-03-19 09:00:00,56.749533361649206,48.881246696452976,65.44080620539297,60.05,2018-03-19 07:00:00
866,2018-03-19 10:00:00,56.57573785062379,48.8617405094401,64.35379963079848,57.97,2018-03-19 07:00:00
867,2018-03-19 11:00:00,56.35125181604706,48.200973740944484,64.3580317541093,54.38,2018-03-19 07:00:00
868,2018-03-19 12:00:00,55.04396523682497,46.943368392511104,62.813827100744156,53.12,2018-03-19 07:00:00
869,2018-03-19 13:00:00,54.06852348469459,47.005032014177644,62.54554436169498,52.01,2018-03-19 07:00:00
870,2018-03-19 14:00:00,52.04132389778185,44.211936646811154,60.23607308349961,50.22,2018-03-19 07:00:00
871,2018-03-19 15:00:00,46.384336822392115,38.71465355549111,54.24929975673104,48.5,2018-03-19 07:00:00
872,2018-03-19 16:00:00,50.94115724956873,43.43490636854564,59.37575252050252,49.42,2018-03-19 07:00:00
873,2018-03-19 17:00:00,58.70250903019147,50.566130387088414,67.22273408397729,51.87,2018-03-19 07:00:00
874,2018-03-19 18:00:00,64.41232441786086,56.05125645299216,72.57003186503854,56.84,2018-03-19 07:00:00
875,2018-03-19 19:00:00,67.23273982127691,59.68020788806032,75.43040061576598,62.65,2018-03-19 07:00:00
876,2018-03-19 20:00:00,65.47098557884436,57.929730311093735,73.39573164632877,59.04,2018-03-19 07:00:00
877,2018-03-19 21:00:00,60.24082121717285,52.52589061650417,68.03782825236081,52.44,2018-03-19 07:00:00
878,2018-03-19 22:00:00,56.73520633408548,49.08466840639655,64.69276382061221,48.61,2018-03-19 07:00:00
879,2018-03-19 23:00:00,53.92657939773565,45.90367811635298,61.967641976442366,41.89,2018-03-19 07:00:00
880,2018-03-20 00:00:00,50.64788978787188,42.51169801797163,58.35364375390208,41.52,2018-03-19 07:00:00
881,2018-03-20 01:00:00,47.70088809936092,39.71891257127387,55.653330177189694,39.44,2018-03-19 07:00:00
882,2018-03-20 02:00:00,46.329724320102486,38.24260010052766,54.8766692665903,39.03,2018-03-19 07:00:00
883,2018-03-20 03:00:00,46.028185371663376,37.67842120321391,53.86725741520187,37.69,2018-03-19 07:00:00
884,2018-03-20 04:00:00,47.99545597837139,39.69033363532766,55.94258399459004,40.68,2018-03-19 07:00:00
885,2018-03-20 05:00:00,50.2490089957675,42.365567156817825,58.23173142047361,43.17,2018-03-19 07:00:00
886,2018-03-20 06:00:00,59.46138210022049,51.36092749877709,67.03993488433647,43.04,2018-03-19 07:00:00
887,2018-03-20 07:00:00,66.16584700015481,58.32393816431546,74.37188944157768,51.81,2018-03-19 07:00:00
